check_type,variant,spearman,kendall_tau,top3_overlap
normalization,minmax,0.9878787878787878,0.9555555555555556,1.0
normalization,rank,0.9393939393939393,0.8222222222222222,1.0
aggregation,additive,0.8060606060606059,0.6,1.0
risk_gate,no_financial_gate,0.9878787878787878,0.9555555555555556,1.0
weights,equal_weights,0.9878787878787878,0.9555555555555556,1.0
leave_one_block,adaptive_potential,0.9757575757575757,0.9111111111111111,1.0
leave_one_block,credit_potential,0.9393939393939393,0.8222222222222222,1.0
leave_one_block,bank_profitability,0.8909090909090909,0.7333333333333333,0.6666666666666666
leave_one_block,financial_stability,0.9515151515151514,0.8666666666666667,1.0
leave_one_block,strategic_convergence,0.9878787878787878,0.9555555555555556,1.0
leave_one_indicator,adaptive_potential:va_real_growth_median_2019_2024_pct,0.9999999999999999,1.0,1.0
leave_one_indicator,adaptive_potential:va_real_growth_volatility_2019_2024_pct,0.9515151515151514,0.8666666666666667,1.0
leave_one_indicator,adaptive_potential:va_real_cagr_2019_2024_pct,0.9999999999999999,1.0,1.0
leave_one_indicator,adaptive_potential:shock_recovery_2022_2024_pct,0.9999999999999999,1.0,1.0
leave_one_indicator,adaptive_potential:labour_productivity_cagr_2019_2024_pct,0.9999999999999999,1.0,1.0
leave_one_indicator,credit_potential:va_share_2024,0.9878787878787878,0.9555555555555556,1.0
leave_one_indicator,credit_potential:employment_share_2024,0.9757575757575757,0.9111111111111111,1.0
leave_one_indicator,credit_potential:va_real_growth_pct,0.9999999999999999,1.0,1.0
leave_one_indicator,credit_potential:cumulative_capex_2030_bn_rub,0.9999999999999999,1.0,1.0
leave_one_indicator,credit_potential:fixed_asset_renewal_pct,0.9999999999999999,1.0,1.0
leave_one_indicator,credit_potential:backward_linkage_multiplier,0.9878787878787878,0.9555555555555556,1.0
leave_one_indicator,bank_profitability:net_return_on_new_capital_cf_2035,0.9999999999999999,1.0,1.0
leave_one_indicator,bank_profitability:net_return_cf_2035,0.9999999999999999,1.0,1.0
leave_one_indicator,bank_profitability:margin_2030,0.9999999999999999,1.0,1.0
leave_one_indicator,bank_profitability:profit_margin_proxy_2024,0.9999999999999999,1.0,1.0
leave_one_indicator,bank_profitability:cumulative_net_value_after_capex_2030_bn_rub,0.9999999999999999,1.0,1.0
leave_one_indicator,bank_profitability:incremental_profit_pool_2030_bn_rub,0.9999999999999999,1.0,1.0
leave_one_indicator,financial_stability:profit_margin_proxy_2024,0.9999999999999999,1.0,1.0
leave_one_indicator,financial_stability:va_real_growth_median_2019_2024_pct,0.9515151515151514,0.8666666666666667,1.0
leave_one_indicator,financial_stability:va_real_growth_volatility_2019_2024_pct,0.9878787878787878,0.9555555555555556,1.0
leave_one_indicator,financial_stability:deflator_volatility_2019_2024_pct,0.9878787878787878,0.9555555555555556,1.0
leave_one_indicator,financial_stability:min_real_growth_2019_2024_pct,0.9999999999999999,1.0,1.0
leave_one_indicator,financial_stability:import_dependency_score,0.9757575757575757,0.9111111111111111,1.0
leave_one_indicator,financial_stability:sanction_wedge_base,0.9878787878787878,0.9555555555555556,1.0
leave_one_indicator,strategic_convergence:A_2030,0.9999999999999999,1.0,1.0
leave_one_indicator,strategic_convergence:adaptation_managed_2030,0.9999999999999999,1.0,1.0
leave_one_indicator,strategic_convergence:lp_gain_vs_cf_2030_pct,0.9878787878787878,0.9555555555555556,1.0
leave_one_indicator,strategic_convergence:ict_digital_share_proxy_pct,0.9878787878787878,0.9555555555555556,1.0
leave_one_indicator,strategic_convergence:clean_energy_readiness,0.9515151515151514,0.8666666666666667,0.6666666666666666
leave_one_indicator,strategic_convergence:ai_service_leverage,0.9878787878787878,0.9555555555555556,1.0
leave_one_indicator,strategic_convergence:strategy_capacity_index_2030,0.9999999999999999,1.0,1.0
leave_one_sector_weight_fit,B,0.9999999999999999,1.0,1.0
leave_one_sector_weight_fit,C,0.9757575757575757,0.9111111111111111,1.0
leave_one_sector_weight_fit,C_mach,0.9878787878787878,0.9555555555555556,1.0
leave_one_sector_weight_fit,DE,0.9999999999999999,1.0,1.0
leave_one_sector_weight_fit,F,0.9999999999999999,1.0,1.0
leave_one_sector_weight_fit,G,0.9878787878787878,0.9555555555555556,1.0
leave_one_sector_weight_fit,H,0.9999999999999999,1.0,1.0
leave_one_sector_weight_fit,J,0.9999999999999999,1.0,1.0
leave_one_sector_weight_fit,K,0.9878787878787878,0.9555555555555556,1.0
leave_one_sector_weight_fit,M,0.9757575757575757,0.9111111111111111,1.0
bootstrap_sector_weights,bootstrap_0001,0.9393939393939393,0.8222222222222222,1.0
bootstrap_sector_weights,bootstrap_0002,0.9999999999999999,1.0,1.0
bootstrap_sector_weights,bootstrap_0003,0.9878787878787878,0.9555555555555556,1.0
bootstrap_sector_weights,bootstrap_0004,0.9757575757575757,0.9111111111111111,1.0
bootstrap_sector_weights,bootstrap_0005,0.9757575757575757,0.9111111111111111,1.0
bootstrap_sector_weights,bootstrap_0006,0.9878787878787878,0.9555555555555556,1.0
bootstrap_sector_weights,bootstrap_0007,0.9878787878787878,0.9555555555555556,1.0
bootstrap_sector_weights,bootstrap_0008,0.9757575757575757,0.9111111111111111,1.0
bootstrap_sector_weights,bootstrap_0009,0.9757575757575757,0.9111111111111111,1.0
bootstrap_sector_weights,bootstrap_0010,0.9878787878787878,0.9555555555555556,1.0
bootstrap_sector_weights,bootstrap_0011,0.9636363636363635,0.8666666666666667,1.0
bootstrap_sector_weights,bootstrap_0012,0.9636363636363635,0.9111111111111111,1.0
bootstrap_sector_weights,bootstrap_0013,0.9393939393939393,0.8222222222222222,1.0
bootstrap_sector_weights,bootstrap_0014,0.9878787878787878,0.9555555555555556,1.0
bootstrap_sector_weights,bootstrap_0015,0.9393939393939393,0.8222222222222222,1.0
bootstrap_sector_weights,bootstrap_0016,0.9878787878787878,0.9555555555555556,1.0
bootstrap_sector_weights,bootstrap_0017,0.9757575757575757,0.9111111111111111,1.0
bootstrap_sector_weights,bootstrap_0018,0.9878787878787878,0.9555555555555556,1.0
bootstrap_sector_weights,bootstrap_0019,0.9515151515151514,0.8666666666666667,1.0
bootstrap_sector_weights,bootstrap_0020,0.9878787878787878,0.9555555555555556,1.0
bootstrap_sector_weights,bootstrap_0021,0.9757575757575757,0.9111111111111111,1.0
bootstrap_sector_weights,bootstrap_0022,0.9393939393939393,0.8222222222222222,1.0
bootstrap_sector_weights,bootstrap_0023,0.9999999999999999,1.0,1.0
bootstrap_sector_weights,bootstrap_0024,0.9393939393939393,0.8222222222222222,1.0
bootstrap_sector_weights,bootstrap_0025,0.9878787878787878,0.9555555555555556,1.0
bootstrap_sector_weights,bootstrap_0026,0.9878787878787878,0.9555555555555556,0.6666666666666666
bootstrap_sector_weights,bootstrap_0027,0.9999999999999999,1.0,1.0
bootstrap_sector_weights,bootstrap_0028,0.9272727272727272,0.8222222222222222,1.0
bootstrap_sector_weights,bootstrap_0029,0.9515151515151514,0.8666666666666667,1.0
bootstrap_sector_weights,bootstrap_0030,0.9878787878787878,0.9555555555555556,1.0
bootstrap_sector_weights,bootstrap_0031,0.9757575757575757,0.9111111111111111,1.0
bootstrap_sector_weights,bootstrap_0032,0.9515151515151514,0.8666666666666667,1.0
bootstrap_sector_weights,bootstrap_0033,0.9878787878787878,0.9555555555555556,1.0
bootstrap_sector_weights,bootstrap_0034,0.9878787878787878,0.9555555555555556,1.0
bootstrap_sector_weights,bootstrap_0035,0.9878787878787878,0.9555555555555556,1.0
bootstrap_sector_weights,bootstrap_0036,0.9999999999999999,1.0,1.0
bootstrap_sector_weights,bootstrap_0037,0.9757575757575757,0.9111111111111111,1.0
bootstrap_sector_weights,bootstrap_0038,0.9393939393939393,0.8222222222222222,1.0
bootstrap_sector_weights,bootstrap_0039,0.9515151515151514,0.8666666666666667,1.0
bootstrap_sector_weights,bootstrap_0040,0.9999999999999999,1.0,1.0
bootstrap_sector_weights,bootstrap_0041,0.9999999999999999,1.0,1.0
bootstrap_sector_weights,bootstrap_0042,0.9393939393939393,0.8222222222222222,1.0
bootstrap_sector_weights,bootstrap_0043,0.9757575757575757,0.9111111111111111,1.0
bootstrap_sector_weights,bootstrap_0044,0.9757575757575757,0.9111111111111111,1.0
bootstrap_sector_weights,bootstrap_0045,0.9999999999999999,1.0,1.0
bootstrap_sector_weights,bootstrap_0046,0.9636363636363635,0.9111111111111111,1.0
bootstrap_sector_weights,bootstrap_0047,0.9999999999999999,1.0,1.0
bootstrap_sector_weights,bootstrap_0048,0.9636363636363635,0.8666666666666667,1.0
bootstrap_sector_weights,bootstrap_0049,0.9515151515151514,0.8666666666666667,1.0
bootstrap_sector_weights,bootstrap_0050,0.9878787878787878,0.9555555555555556,1.0
bootstrap_sector_weights,bootstrap_0051,0.9636363636363635,0.8666666666666667,1.0
bootstrap_sector_weights,bootstrap_0052,0.9636363636363635,0.8666666666666667,1.0
bootstrap_sector_weights,bootstrap_0053,0.9999999999999999,1.0,1.0
bootstrap_sector_weights,bootstrap_0054,0.9515151515151514,0.8666666666666667,1.0
bootstrap_sector_weights,bootstrap_0055,0.9757575757575757,0.9111111111111111,1.0
bootstrap_sector_weights,bootstrap_0056,0.9636363636363635,0.8666666666666667,1.0
bootstrap_sector_weights,bootstrap_0057,0.9636363636363635,0.9111111111111111,1.0
bootstrap_sector_weights,bootstrap_0058,0.9999999999999999,1.0,1.0
bootstrap_sector_weights,bootstrap_0059,0.9757575757575757,0.9111111111111111,1.0
bootstrap_sector_weights,bootstrap_0060,0.9878787878787878,0.9555555555555556,1.0
bootstrap_sector_weights,bootstrap_0061,0.9757575757575757,0.9111111111111111,1.0
bootstrap_sector_weights,bootstrap_0062,0.9757575757575757,0.9111111111111111,1.0
bootstrap_sector_weights,bootstrap_0063,0.9515151515151514,0.8666666666666667,0.6666666666666666
bootstrap_sector_weights,bootstrap_0064,0.9757575757575757,0.9111111111111111,1.0
bootstrap_sector_weights,bootstrap_0065,0.9757575757575757,0.9111111111111111,1.0
bootstrap_sector_weights,bootstrap_0066,0.9636363636363635,0.9111111111111111,1.0
bootstrap_sector_weights,bootstrap_0067,0.9999999999999999,1.0,1.0
bootstrap_sector_weights,bootstrap_0068,0.9030303030303028,0.7777777777777778,0.6666666666666666
bootstrap_sector_weights,bootstrap_0069,0.9757575757575757,0.9111111111111111,1.0
bootstrap_sector_weights,bootstrap_0070,0.9636363636363635,0.9111111111111111,1.0
bootstrap_sector_weights,bootstrap_0071,0.9878787878787878,0.9555555555555556,1.0
bootstrap_sector_weights,bootstrap_0072,0.9757575757575757,0.9111111111111111,1.0
bootstrap_sector_weights,bootstrap_0073,0.9878787878787878,0.9555555555555556,1.0
bootstrap_sector_weights,bootstrap_0074,0.9757575757575757,0.9111111111111111,1.0
bootstrap_sector_weights,bootstrap_0075,0.9878787878787878,0.9555555555555556,1.0
bootstrap_sector_weights,bootstrap_0076,0.9878787878787878,0.9555555555555556,1.0
bootstrap_sector_weights,bootstrap_0077,0.9757575757575757,0.9111111111111111,0.6666666666666666
bootstrap_sector_weights,bootstrap_0078,0.9878787878787878,0.9555555555555556,1.0
bootstrap_sector_weights,bootstrap_0079,0.9757575757575757,0.9111111111111111,1.0
bootstrap_sector_weights,bootstrap_0080,0.9636363636363635,0.8666666666666667,1.0
bootstrap_sector_weights,bootstrap_0081,0.9636363636363635,0.8666666666666667,0.6666666666666666
bootstrap_sector_weights,bootstrap_0082,0.9757575757575757,0.9111111111111111,1.0
bootstrap_sector_weights,bootstrap_0083,0.9515151515151514,0.8666666666666667,1.0
bootstrap_sector_weights,bootstrap_0084,0.9757575757575757,0.9111111111111111,1.0
bootstrap_sector_weights,bootstrap_0085,0.9757575757575757,0.9111111111111111,1.0
bootstrap_sector_weights,bootstrap_0086,0.9878787878787878,0.9555555555555556,1.0
bootstrap_sector_weights,bootstrap_0087,0.9757575757575757,0.9111111111111111,1.0
bootstrap_sector_weights,bootstrap_0088,0.9757575757575757,0.9111111111111111,1.0
bootstrap_sector_weights,bootstrap_0089,0.9636363636363635,0.8666666666666667,1.0
bootstrap_sector_weights,bootstrap_0090,0.9151515151515152,0.8222222222222222,1.0
bootstrap_sector_weights,bootstrap_0091,0.9393939393939393,0.8222222222222222,1.0
bootstrap_sector_weights,bootstrap_0092,0.9878787878787878,0.9555555555555556,1.0
bootstrap_sector_weights,bootstrap_0093,0.9999999999999999,1.0,1.0
bootstrap_sector_weights,bootstrap_0094,0.9878787878787878,0.9555555555555556,1.0
bootstrap_sector_weights,bootstrap_0095,0.9515151515151514,0.8666666666666667,1.0
bootstrap_sector_weights,bootstrap_0096,0.9757575757575757,0.9111111111111111,1.0
bootstrap_sector_weights,bootstrap_0097,0.9999999999999999,1.0,1.0
bootstrap_sector_weights,bootstrap_0098,0.9272727272727272,0.8222222222222222,0.6666666666666666
bootstrap_sector_weights,bootstrap_0099,0.9515151515151514,0.8666666666666667,1.0
bootstrap_sector_weights,bootstrap_0100,0.9878787878787878,0.9555555555555556,1.0
bootstrap_sector_weights,bootstrap_0101,0.9757575757575757,0.9111111111111111,1.0
bootstrap_sector_weights,bootstrap_0102,0.9757575757575757,0.9111111111111111,1.0
bootstrap_sector_weights,bootstrap_0103,0.9757575757575757,0.9111111111111111,1.0
bootstrap_sector_weights,bootstrap_0104,0.9636363636363635,0.8666666666666667,1.0
bootstrap_sector_weights,bootstrap_0105,0.9757575757575757,0.9111111111111111,1.0
bootstrap_sector_weights,bootstrap_0106,0.9999999999999999,1.0,1.0
bootstrap_sector_weights,bootstrap_0107,0.9878787878787878,0.9555555555555556,1.0
bootstrap_sector_weights,bootstrap_0108,0.9757575757575757,0.9111111111111111,1.0
bootstrap_sector_weights,bootstrap_0109,0.9999999999999999,1.0,1.0
bootstrap_sector_weights,bootstrap_0110,0.9636363636363635,0.8666666666666667,1.0
bootstrap_sector_weights,bootstrap_0111,0.9878787878787878,0.9555555555555556,1.0
bootstrap_sector_weights,bootstrap_0112,0.9515151515151514,0.8666666666666667,1.0
bootstrap_sector_weights,bootstrap_0113,0.9757575757575757,0.9111111111111111,1.0
bootstrap_sector_weights,bootstrap_0114,0.9878787878787878,0.9555555555555556,1.0
bootstrap_sector_weights,bootstrap_0115,0.9636363636363635,0.8666666666666667,1.0
bootstrap_sector_weights,bootstrap_0116,0.9878787878787878,0.9555555555555556,1.0
bootstrap_sector_weights,bootstrap_0117,0.9878787878787878,0.9555555555555556,1.0
bootstrap_sector_weights,bootstrap_0118,0.9515151515151514,0.8666666666666667,0.6666666666666666
bootstrap_sector_weights,bootstrap_0119,0.9999999999999999,1.0,1.0
bootstrap_sector_weights,bootstrap_0120,0.9757575757575757,0.9111111111111111,1.0
bootstrap_sector_weights,bootstrap_0121,0.9999999999999999,1.0,1.0
bootstrap_sector_weights,bootstrap_0122,0.9636363636363635,0.8666666666666667,1.0
bootstrap_sector_weights,bootstrap_0123,0.9999999999999999,1.0,1.0
bootstrap_sector_weights,bootstrap_0124,0.9999999999999999,1.0,1.0
bootstrap_sector_weights,bootstrap_0125,0.9757575757575757,0.9111111111111111,1.0
bootstrap_sector_weights,bootstrap_0126,0.9515151515151514,0.8666666666666667,1.0
bootstrap_sector_weights,bootstrap_0127,0.9757575757575757,0.9111111111111111,1.0
bootstrap_sector_weights,bootstrap_0128,0.9878787878787878,0.9555555555555556,1.0
bootstrap_sector_weights,bootstrap_0129,0.9999999999999999,1.0,1.0
bootstrap_sector_weights,bootstrap_0130,0.9636363636363635,0.9111111111111111,1.0
bootstrap_sector_weights,bootstrap_0131,0.9636363636363635,0.8666666666666667,1.0
bootstrap_sector_weights,bootstrap_0132,0.9878787878787878,0.9555555555555556,1.0
bootstrap_sector_weights,bootstrap_0133,0.9757575757575757,0.9111111111111111,1.0
bootstrap_sector_weights,bootstrap_0134,0.9515151515151514,0.8666666666666667,1.0
bootstrap_sector_weights,bootstrap_0135,0.9757575757575757,0.9111111111111111,1.0
bootstrap_sector_weights,bootstrap_0136,0.9636363636363635,0.9111111111111111,1.0
bootstrap_sector_weights,bootstrap_0137,0.9515151515151514,0.8666666666666667,1.0
bootstrap_sector_weights,bootstrap_0138,0.9757575757575757,0.9111111111111111,1.0
bootstrap_sector_weights,bootstrap_0139,0.9878787878787878,0.9555555555555556,1.0
bootstrap_sector_weights,bootstrap_0140,0.9515151515151514,0.8666666666666667,1.0
bootstrap_sector_weights,bootstrap_0141,0.9757575757575757,0.9111111111111111,1.0
bootstrap_sector_weights,bootstrap_0142,0.9515151515151514,0.8666666666666667,1.0
bootstrap_sector_weights,bootstrap_0143,0.9999999999999999,1.0,1.0
bootstrap_sector_weights,bootstrap_0144,0.9878787878787878,0.9555555555555556,1.0
bootstrap_sector_weights,bootstrap_0145,0.9999999999999999,1.0,1.0
bootstrap_sector_weights,bootstrap_0146,0.9515151515151514,0.8666666666666667,1.0
bootstrap_sector_weights,bootstrap_0147,0.9393939393939393,0.8222222222222222,1.0
bootstrap_sector_weights,bootstrap_0148,0.9636363636363635,0.8666666666666667,1.0
bootstrap_sector_weights,bootstrap_0149,0.9393939393939393,0.8222222222222222,1.0
bootstrap_sector_weights,bootstrap_0150,0.9393939393939393,0.8222222222222222,1.0
bootstrap_sector_weights,bootstrap_0151,0.9999999999999999,1.0,1.0
bootstrap_sector_weights,bootstrap_0152,0.9393939393939393,0.8222222222222222,1.0
bootstrap_sector_weights,bootstrap_0153,0.9757575757575757,0.9111111111111111,1.0
bootstrap_sector_weights,bootstrap_0154,0.9757575757575757,0.9111111111111111,1.0
bootstrap_sector_weights,bootstrap_0155,0.9393939393939393,0.8222222222222222,1.0
bootstrap_sector_weights,bootstrap_0156,0.9757575757575757,0.9111111111111111,1.0
bootstrap_sector_weights,bootstrap_0157,0.9878787878787878,0.9555555555555556,1.0
bootstrap_sector_weights,bootstrap_0158,0.9878787878787878,0.9555555555555556,1.0
bootstrap_sector_weights,bootstrap_0159,0.9636363636363635,0.8666666666666667,1.0
bootstrap_sector_weights,bootstrap_0160,0.9878787878787878,0.9555555555555556,1.0
bootstrap_sector_weights,bootstrap_0161,0.9878787878787878,0.9555555555555556,1.0
bootstrap_sector_weights,bootstrap_0162,0.8545454545454544,0.6444444444444445,0.6666666666666666
bootstrap_sector_weights,bootstrap_0163,0.9878787878787878,0.9555555555555556,1.0
bootstrap_sector_weights,bootstrap_0164,0.9878787878787878,0.9555555555555556,1.0
bootstrap_sector_weights,bootstrap_0165,0.9999999999999999,1.0,1.0
bootstrap_sector_weights,bootstrap_0166,0.9757575757575757,0.9111111111111111,1.0
bootstrap_sector_weights,bootstrap_0167,0.8545454545454544,0.7333333333333333,0.6666666666666666
bootstrap_sector_weights,bootstrap_0168,0.9757575757575757,0.9111111111111111,1.0
bootstrap_sector_weights,bootstrap_0169,0.9878787878787878,0.9555555555555556,1.0
bootstrap_sector_weights,bootstrap_0170,0.9757575757575757,0.9111111111111111,1.0
bootstrap_sector_weights,bootstrap_0171,0.9878787878787878,0.9555555555555556,1.0
bootstrap_sector_weights,bootstrap_0172,0.9636363636363635,0.8666666666666667,1.0
bootstrap_sector_weights,bootstrap_0173,0.9757575757575757,0.9111111111111111,1.0
bootstrap_sector_weights,bootstrap_0174,0.9515151515151514,0.8666666666666667,1.0
bootstrap_sector_weights,bootstrap_0175,0.9757575757575757,0.9111111111111111,1.0
bootstrap_sector_weights,bootstrap_0176,0.9878787878787878,0.9555555555555556,1.0
bootstrap_sector_weights,bootstrap_0177,0.9515151515151514,0.8666666666666667,1.0
bootstrap_sector_weights,bootstrap_0178,0.9757575757575757,0.9111111111111111,1.0
bootstrap_sector_weights,bootstrap_0179,0.9878787878787878,0.9555555555555556,1.0
bootstrap_sector_weights,bootstrap_0180,0.9999999999999999,1.0,1.0
bootstrap_sector_weights,bootstrap_0181,0.9272727272727272,0.8222222222222222,1.0
bootstrap_sector_weights,bootstrap_0182,0.9393939393939393,0.8222222222222222,1.0
bootstrap_sector_weights,bootstrap_0183,0.9999999999999999,1.0,1.0
bootstrap_sector_weights,bootstrap_0184,0.9999999999999999,1.0,1.0
bootstrap_sector_weights,bootstrap_0185,0.9636363636363635,0.8666666666666667,1.0
bootstrap_sector_weights,bootstrap_0186,0.9878787878787878,0.9555555555555556,1.0
bootstrap_sector_weights,bootstrap_0187,0.9636363636363635,0.8666666666666667,1.0
bootstrap_sector_weights,bootstrap_0188,0.9999999999999999,1.0,1.0
bootstrap_sector_weights,bootstrap_0189,0.9636363636363635,0.8666666666666667,1.0
bootstrap_sector_weights,bootstrap_0190,0.9636363636363635,0.8666666666666667,1.0
bootstrap_sector_weights,bootstrap_0191,0.9515151515151514,0.8666666666666667,1.0
bootstrap_sector_weights,bootstrap_0192,0.9393939393939393,0.8222222222222222,1.0
bootstrap_sector_weights,bootstrap_0193,0.9878787878787878,0.9555555555555556,1.0
bootstrap_sector_weights,bootstrap_0194,0.9999999999999999,1.0,1.0
bootstrap_sector_weights,bootstrap_0195,0.9878787878787878,0.9555555555555556,1.0
bootstrap_sector_weights,bootstrap_0196,0.9393939393939393,0.8222222222222222,1.0
bootstrap_sector_weights,bootstrap_0197,0.9636363636363635,0.8666666666666667,1.0
bootstrap_sector_weights,bootstrap_0198,0.9636363636363635,0.8666666666666667,1.0
bootstrap_sector_weights,bootstrap_0199,0.9515151515151514,0.8666666666666667,1.0
bootstrap_sector_weights,bootstrap_0200,0.9515151515151514,0.8666666666666667,1.0
bootstrap_sector_weights,bootstrap_0201,0.9757575757575757,0.9111111111111111,1.0
bootstrap_sector_weights,bootstrap_0202,0.9636363636363635,0.8666666666666667,1.0
bootstrap_sector_weights,bootstrap_0203,0.9999999999999999,1.0,1.0
bootstrap_sector_weights,bootstrap_0204,0.9393939393939393,0.8222222222222222,1.0
bootstrap_sector_weights,bootstrap_0205,0.9393939393939393,0.8222222222222222,1.0
bootstrap_sector_weights,bootstrap_0206,0.9636363636363635,0.8666666666666667,1.0
bootstrap_sector_weights,bootstrap_0207,0.9999999999999999,1.0,1.0
bootstrap_sector_weights,bootstrap_0208,0.9515151515151514,0.8666666666666667,0.6666666666666666
bootstrap_sector_weights,bootstrap_0209,0.9636363636363635,0.8666666666666667,1.0
bootstrap_sector_weights,bootstrap_0210,0.9757575757575757,0.9111111111111111,1.0
bootstrap_sector_weights,bootstrap_0211,0.9878787878787878,0.9555555555555556,1.0
bootstrap_sector_weights,bootstrap_0212,0.9878787878787878,0.9555555555555556,1.0
bootstrap_sector_weights,bootstrap_0213,0.9636363636363635,0.9111111111111111,1.0
bootstrap_sector_weights,bootstrap_0214,0.9878787878787878,0.9555555555555556,1.0
bootstrap_sector_weights,bootstrap_0215,0.9757575757575757,0.9111111111111111,1.0
bootstrap_sector_weights,bootstrap_0216,0.9636363636363635,0.8666666666666667,1.0
bootstrap_sector_weights,bootstrap_0217,0.9878787878787878,0.9555555555555556,1.0
bootstrap_sector_weights,bootstrap_0218,0.9878787878787878,0.9555555555555556,1.0
bootstrap_sector_weights,bootstrap_0219,0.9151515151515152,0.7777777777777778,0.6666666666666666
bootstrap_sector_weights,bootstrap_0220,0.9878787878787878,0.9555555555555556,1.0
bootstrap_sector_weights,bootstrap_0221,0.9757575757575757,0.9111111111111111,1.0
bootstrap_sector_weights,bootstrap_0222,0.9999999999999999,1.0,1.0
bootstrap_sector_weights,bootstrap_0223,0.9757575757575757,0.9111111111111111,1.0
bootstrap_sector_weights,bootstrap_0224,0.9999999999999999,1.0,1.0
bootstrap_sector_weights,bootstrap_0225,0.9636363636363635,0.8666666666666667,1.0
bootstrap_sector_weights,bootstrap_0226,0.9515151515151514,0.8666666666666667,1.0
bootstrap_sector_weights,bootstrap_0227,0.9515151515151514,0.8666666666666667,1.0
bootstrap_sector_weights,bootstrap_0228,0.9515151515151514,0.8666666666666667,0.6666666666666666
bootstrap_sector_weights,bootstrap_0229,0.9757575757575757,0.9111111111111111,1.0
bootstrap_sector_weights,bootstrap_0230,0.9757575757575757,0.9111111111111111,1.0
bootstrap_sector_weights,bootstrap_0231,0.9999999999999999,1.0,1.0
bootstrap_sector_weights,bootstrap_0232,0.9272727272727272,0.7777777777777778,1.0
bootstrap_sector_weights,bootstrap_0233,0.9636363636363635,0.8666666666666667,1.0
bootstrap_sector_weights,bootstrap_0234,0.9393939393939393,0.8222222222222222,1.0
bootstrap_sector_weights,bootstrap_0235,0.9757575757575757,0.9111111111111111,1.0
bootstrap_sector_weights,bootstrap_0236,0.9515151515151514,0.8666666666666667,1.0
bootstrap_sector_weights,bootstrap_0237,0.9757575757575757,0.9111111111111111,1.0
bootstrap_sector_weights,bootstrap_0238,0.9757575757575757,0.9111111111111111,1.0
bootstrap_sector_weights,bootstrap_0239,0.9757575757575757,0.9111111111111111,1.0
bootstrap_sector_weights,bootstrap_0240,0.9272727272727272,0.8222222222222222,1.0
bootstrap_sector_weights,bootstrap_0241,0.9636363636363635,0.8666666666666667,1.0
bootstrap_sector_weights,bootstrap_0242,0.9515151515151514,0.8666666666666667,1.0
bootstrap_sector_weights,bootstrap_0243,0.9999999999999999,1.0,1.0
bootstrap_sector_weights,bootstrap_0244,0.9757575757575757,0.9111111111111111,1.0
bootstrap_sector_weights,bootstrap_0245,0.9878787878787878,0.9555555555555556,1.0
bootstrap_sector_weights,bootstrap_0246,0.9393939393939393,0.8222222222222222,1.0
bootstrap_sector_weights,bootstrap_0247,0.9272727272727272,0.8222222222222222,0.6666666666666666
bootstrap_sector_weights,bootstrap_0248,0.9393939393939393,0.8222222222222222,1.0
bootstrap_sector_weights,bootstrap_0249,0.9636363636363635,0.8666666666666667,1.0
bootstrap_sector_weights,bootstrap_0250,0.9878787878787878,0.9555555555555556,1.0
bootstrap_sector_weights,bootstrap_0251,0.9636363636363635,0.8666666666666667,1.0
bootstrap_sector_weights,bootstrap_0252,0.9757575757575757,0.9111111111111111,1.0
bootstrap_sector_weights,bootstrap_0253,0.9272727272727272,0.8222222222222222,1.0
bootstrap_sector_weights,bootstrap_0254,0.9757575757575757,0.9111111111111111,1.0
bootstrap_sector_weights,bootstrap_0255,0.9999999999999999,1.0,1.0
bootstrap_sector_weights,bootstrap_0256,0.9999999999999999,1.0,1.0
bootstrap_sector_weights,bootstrap_0257,0.9636363636363635,0.8666666666666667,1.0
bootstrap_sector_weights,bootstrap_0258,0.9878787878787878,0.9555555555555556,1.0
bootstrap_sector_weights,bootstrap_0259,0.9515151515151514,0.8666666666666667,1.0
bootstrap_sector_weights,bootstrap_0260,0.9757575757575757,0.9111111111111111,1.0
bootstrap_sector_weights,bootstrap_0261,0.9757575757575757,0.9111111111111111,1.0
bootstrap_sector_weights,bootstrap_0262,0.9393939393939393,0.8222222222222222,0.6666666666666666
bootstrap_sector_weights,bootstrap_0263,0.9757575757575757,0.9111111111111111,1.0
bootstrap_sector_weights,bootstrap_0264,0.9757575757575757,0.9111111111111111,1.0
bootstrap_sector_weights,bootstrap_0265,0.9393939393939393,0.8222222222222222,1.0
bootstrap_sector_weights,bootstrap_0266,0.9878787878787878,0.9555555555555556,1.0
bootstrap_sector_weights,bootstrap_0267,0.9757575757575757,0.9111111111111111,1.0
bootstrap_sector_weights,bootstrap_0268,0.9757575757575757,0.9111111111111111,1.0
bootstrap_sector_weights,bootstrap_0269,0.9999999999999999,1.0,1.0
bootstrap_sector_weights,bootstrap_0270,0.9757575757575757,0.9111111111111111,1.0
bootstrap_sector_weights,bootstrap_0271,0.9757575757575757,0.9111111111111111,1.0
bootstrap_sector_weights,bootstrap_0272,0.9030303030303028,0.7777777777777778,1.0
bootstrap_sector_weights,bootstrap_0273,0.9999999999999999,1.0,1.0
bootstrap_sector_weights,bootstrap_0274,0.9999999999999999,1.0,1.0
bootstrap_sector_weights,bootstrap_0275,0.9757575757575757,0.9111111111111111,1.0
bootstrap_sector_weights,bootstrap_0276,0.9757575757575757,0.9111111111111111,1.0
bootstrap_sector_weights,bootstrap_0277,0.9999999999999999,1.0,1.0
bootstrap_sector_weights,bootstrap_0278,0.9636363636363635,0.9111111111111111,1.0
bootstrap_sector_weights,bootstrap_0279,0.9878787878787878,0.9555555555555556,1.0
bootstrap_sector_weights,bootstrap_0280,0.9878787878787878,0.9555555555555556,1.0
bootstrap_sector_weights,bootstrap_0281,0.9999999999999999,1.0,1.0
bootstrap_sector_weights,bootstrap_0282,0.9999999999999999,1.0,1.0
bootstrap_sector_weights,bootstrap_0283,0.9757575757575757,0.9111111111111111,1.0
bootstrap_sector_weights,bootstrap_0284,0.9999999999999999,1.0,1.0
bootstrap_sector_weights,bootstrap_0285,0.9393939393939393,0.8222222222222222,1.0
bootstrap_sector_weights,bootstrap_0286,0.9878787878787878,0.9555555555555556,1.0
bootstrap_sector_weights,bootstrap_0287,0.9757575757575757,0.9111111111111111,1.0
bootstrap_sector_weights,bootstrap_0288,0.9999999999999999,1.0,1.0
bootstrap_sector_weights,bootstrap_0289,0.9515151515151514,0.8666666666666667,1.0
bootstrap_sector_weights,bootstrap_0290,0.9878787878787878,0.9555555555555556,1.0
bootstrap_sector_weights,bootstrap_0291,0.9757575757575757,0.9111111111111111,1.0
bootstrap_sector_weights,bootstrap_0292,0.9757575757575757,0.9111111111111111,1.0
bootstrap_sector_weights,bootstrap_0293,0.9999999999999999,1.0,1.0
bootstrap_sector_weights,bootstrap_0294,0.9757575757575757,0.9111111111111111,1.0
bootstrap_sector_weights,bootstrap_0295,0.9999999999999999,1.0,1.0
bootstrap_sector_weights,bootstrap_0296,0.9878787878787878,0.9555555555555556,1.0
bootstrap_sector_weights,bootstrap_0297,0.9515151515151514,0.8666666666666667,1.0
bootstrap_sector_weights,bootstrap_0298,0.9393939393939393,0.8222222222222222,1.0
bootstrap_sector_weights,bootstrap_0299,0.9393939393939393,0.8222222222222222,1.0
bootstrap_sector_weights,bootstrap_0300,0.9636363636363635,0.8666666666666667,1.0
bootstrap_sector_weights,bootstrap_0301,0.9999999999999999,1.0,1.0
bootstrap_sector_weights,bootstrap_0302,0.9757575757575757,0.9111111111111111,1.0
bootstrap_sector_weights,bootstrap_0303,0.9999999999999999,1.0,1.0
bootstrap_sector_weights,bootstrap_0304,0.9878787878787878,0.9555555555555556,1.0
bootstrap_sector_weights,bootstrap_0305,0.9878787878787878,0.9555555555555556,1.0
bootstrap_sector_weights,bootstrap_0306,0.9757575757575757,0.9111111111111111,1.0
bootstrap_sector_weights,bootstrap_0307,0.9999999999999999,1.0,1.0
bootstrap_sector_weights,bootstrap_0308,0.9272727272727272,0.7777777777777778,1.0
bootstrap_sector_weights,bootstrap_0309,0.9393939393939393,0.8222222222222222,1.0
bootstrap_sector_weights,bootstrap_0310,0.9878787878787878,0.9555555555555556,1.0
bootstrap_sector_weights,bootstrap_0311,0.9757575757575757,0.9111111111111111,1.0
bootstrap_sector_weights,bootstrap_0312,0.9393939393939393,0.8222222222222222,1.0
bootstrap_sector_weights,bootstrap_0313,0.9393939393939393,0.8222222222222222,1.0
bootstrap_sector_weights,bootstrap_0314,0.9878787878787878,0.9555555555555556,1.0
bootstrap_sector_weights,bootstrap_0315,0.9757575757575757,0.9111111111111111,1.0
bootstrap_sector_weights,bootstrap_0316,0.9757575757575757,0.9111111111111111,1.0
bootstrap_sector_weights,bootstrap_0317,0.9878787878787878,0.9555555555555556,1.0
bootstrap_sector_weights,bootstrap_0318,0.9999999999999999,1.0,1.0
bootstrap_sector_weights,bootstrap_0319,0.9878787878787878,0.9555555555555556,1.0
bootstrap_sector_weights,bootstrap_0320,0.9999999999999999,1.0,1.0
bootstrap_sector_weights,bootstrap_0321,0.9878787878787878,0.9555555555555556,1.0
bootstrap_sector_weights,bootstrap_0322,0.9878787878787878,0.9555555555555556,1.0
bootstrap_sector_weights,bootstrap_0323,0.9757575757575757,0.9111111111111111,1.0
bootstrap_sector_weights,bootstrap_0324,0.9757575757575757,0.9111111111111111,1.0
bootstrap_sector_weights,bootstrap_0325,0.9878787878787878,0.9555555555555556,1.0
bootstrap_sector_weights,bootstrap_0326,0.9757575757575757,0.9111111111111111,1.0
bootstrap_sector_weights,bootstrap_0327,0.9757575757575757,0.9111111111111111,1.0
bootstrap_sector_weights,bootstrap_0328,0.9878787878787878,0.9555555555555556,1.0
bootstrap_sector_weights,bootstrap_0329,0.9515151515151514,0.8666666666666667,1.0
bootstrap_sector_weights,bootstrap_0330,0.9272727272727272,0.7777777777777778,1.0
bootstrap_sector_weights,bootstrap_0331,0.9030303030303028,0.7777777777777778,1.0
bootstrap_sector_weights,bootstrap_0332,0.9878787878787878,0.9555555555555556,1.0
bootstrap_sector_weights,bootstrap_0333,0.9999999999999999,1.0,1.0
bootstrap_sector_weights,bootstrap_0334,0.9757575757575757,0.9111111111111111,1.0
bootstrap_sector_weights,bootstrap_0335,0.9030303030303028,0.7777777777777778,0.6666666666666666
bootstrap_sector_weights,bootstrap_0336,0.9757575757575757,0.9111111111111111,1.0
bootstrap_sector_weights,bootstrap_0337,0.9999999999999999,1.0,1.0
bootstrap_sector_weights,bootstrap_0338,0.9999999999999999,1.0,1.0
bootstrap_sector_weights,bootstrap_0339,0.9878787878787878,0.9555555555555556,1.0
bootstrap_sector_weights,bootstrap_0340,0.9878787878787878,0.9555555555555556,1.0
bootstrap_sector_weights,bootstrap_0341,0.9757575757575757,0.9111111111111111,1.0
bootstrap_sector_weights,bootstrap_0342,0.9272727272727272,0.7777777777777778,1.0
bootstrap_sector_weights,bootstrap_0343,0.9636363636363635,0.8666666666666667,1.0
bootstrap_sector_weights,bootstrap_0344,0.9757575757575757,0.9111111111111111,1.0
bootstrap_sector_weights,bootstrap_0345,0.9757575757575757,0.9111111111111111,1.0
bootstrap_sector_weights,bootstrap_0346,0.9636363636363635,0.8666666666666667,1.0
bootstrap_sector_weights,bootstrap_0347,0.9878787878787878,0.9555555555555556,1.0
bootstrap_sector_weights,bootstrap_0348,0.9272727272727272,0.7777777777777778,1.0
bootstrap_sector_weights,bootstrap_0349,0.9393939393939393,0.8222222222222222,1.0
bootstrap_sector_weights,bootstrap_0350,0.9999999999999999,1.0,1.0
bootstrap_sector_weights,bootstrap_0351,0.9393939393939393,0.8222222222222222,1.0
bootstrap_sector_weights,bootstrap_0352,0.9636363636363635,0.8666666666666667,0.6666666666666666
bootstrap_sector_weights,bootstrap_0353,0.9757575757575757,0.9111111111111111,1.0
bootstrap_sector_weights,bootstrap_0354,0.9636363636363635,0.8666666666666667,1.0
bootstrap_sector_weights,bootstrap_0355,0.9393939393939393,0.8222222222222222,1.0
bootstrap_sector_weights,bootstrap_0356,0.9636363636363635,0.8666666666666667,1.0
bootstrap_sector_weights,bootstrap_0357,0.9515151515151514,0.8666666666666667,1.0
bootstrap_sector_weights,bootstrap_0358,0.9636363636363635,0.8666666666666667,1.0
bootstrap_sector_weights,bootstrap_0359,0.9757575757575757,0.9111111111111111,1.0
bootstrap_sector_weights,bootstrap_0360,0.9393939393939393,0.8222222222222222,1.0
bootstrap_sector_weights,bootstrap_0361,0.9878787878787878,0.9555555555555556,1.0
bootstrap_sector_weights,bootstrap_0362,0.9636363636363635,0.9111111111111111,1.0
bootstrap_sector_weights,bootstrap_0363,0.9757575757575757,0.9111111111111111,1.0
bootstrap_sector_weights,bootstrap_0364,0.9272727272727272,0.8222222222222222,1.0
bootstrap_sector_weights,bootstrap_0365,0.9878787878787878,0.9555555555555556,1.0
bootstrap_sector_weights,bootstrap_0366,0.9999999999999999,1.0,1.0
bootstrap_sector_weights,bootstrap_0367,0.9636363636363635,0.8666666666666667,1.0
bootstrap_sector_weights,bootstrap_0368,0.9999999999999999,1.0,1.0
bootstrap_sector_weights,bootstrap_0369,0.9999999999999999,1.0,1.0
bootstrap_sector_weights,bootstrap_0370,0.9515151515151514,0.8666666666666667,1.0
bootstrap_sector_weights,bootstrap_0371,0.9878787878787878,0.9555555555555556,1.0
bootstrap_sector_weights,bootstrap_0372,0.9878787878787878,0.9555555555555556,1.0
bootstrap_sector_weights,bootstrap_0373,0.9757575757575757,0.9111111111111111,0.6666666666666666
bootstrap_sector_weights,bootstrap_0374,0.9757575757575757,0.9111111111111111,1.0
bootstrap_sector_weights,bootstrap_0375,0.9515151515151514,0.8666666666666667,1.0
bootstrap_sector_weights,bootstrap_0376,0.9636363636363635,0.9111111111111111,1.0
bootstrap_sector_weights,bootstrap_0377,0.9878787878787878,0.9555555555555556,1.0
bootstrap_sector_weights,bootstrap_0378,0.9757575757575757,0.9111111111111111,1.0
bootstrap_sector_weights,bootstrap_0379,0.9878787878787878,0.9555555555555556,1.0
bootstrap_sector_weights,bootstrap_0380,0.9515151515151514,0.8666666666666667,1.0
bootstrap_sector_weights,bootstrap_0381,0.9757575757575757,0.9111111111111111,1.0
bootstrap_sector_weights,bootstrap_0382,0.9636363636363635,0.8666666666666667,1.0
bootstrap_sector_weights,bootstrap_0383,0.9272727272727272,0.7777777777777778,0.6666666666666666
bootstrap_sector_weights,bootstrap_0384,0.9999999999999999,1.0,1.0
bootstrap_sector_weights,bootstrap_0385,0.9757575757575757,0.9111111111111111,1.0
bootstrap_sector_weights,bootstrap_0386,0.9636363636363635,0.8666666666666667,1.0
bootstrap_sector_weights,bootstrap_0387,0.9515151515151514,0.8666666666666667,1.0
bootstrap_sector_weights,bootstrap_0388,0.9393939393939393,0.8222222222222222,1.0
bootstrap_sector_weights,bootstrap_0389,0.9636363636363635,0.8666666666666667,1.0
bootstrap_sector_weights,bootstrap_0390,0.9878787878787878,0.9555555555555556,1.0
bootstrap_sector_weights,bootstrap_0391,0.9636363636363635,0.9111111111111111,1.0
bootstrap_sector_weights,bootstrap_0392,0.9878787878787878,0.9555555555555556,1.0
bootstrap_sector_weights,bootstrap_0393,0.9999999999999999,1.0,1.0
bootstrap_sector_weights,bootstrap_0394,0.9878787878787878,0.9555555555555556,1.0
bootstrap_sector_weights,bootstrap_0395,0.9636363636363635,0.8666666666666667,0.6666666666666666
bootstrap_sector_weights,bootstrap_0396,0.9515151515151514,0.8666666666666667,1.0
bootstrap_sector_weights,bootstrap_0397,0.9878787878787878,0.9555555555555556,1.0
bootstrap_sector_weights,bootstrap_0398,0.9999999999999999,1.0,1.0
bootstrap_sector_weights,bootstrap_0399,0.9393939393939393,0.8222222222222222,1.0
bootstrap_sector_weights,bootstrap_0400,0.9999999999999999,1.0,1.0
bootstrap_sector_weights,bootstrap_0401,0.9878787878787878,0.9555555555555556,1.0
bootstrap_sector_weights,bootstrap_0402,0.9636363636363635,0.8666666666666667,1.0
bootstrap_sector_weights,bootstrap_0403,0.9272727272727272,0.8222222222222222,0.6666666666666666
bootstrap_sector_weights,bootstrap_0404,0.9272727272727272,0.8222222222222222,0.6666666666666666
bootstrap_sector_weights,bootstrap_0405,0.9515151515151514,0.8666666666666667,1.0
bootstrap_sector_weights,bootstrap_0406,0.9757575757575757,0.9111111111111111,1.0
bootstrap_sector_weights,bootstrap_0407,0.9878787878787878,0.9555555555555556,1.0
bootstrap_sector_weights,bootstrap_0408,0.9757575757575757,0.9111111111111111,1.0
bootstrap_sector_weights,bootstrap_0409,0.9878787878787878,0.9555555555555556,1.0
bootstrap_sector_weights,bootstrap_0410,0.9999999999999999,1.0,1.0
bootstrap_sector_weights,bootstrap_0411,0.9757575757575757,0.9111111111111111,1.0
bootstrap_sector_weights,bootstrap_0412,0.8909090909090909,0.6888888888888889,1.0
bootstrap_sector_weights,bootstrap_0413,0.9636363636363635,0.9111111111111111,1.0
bootstrap_sector_weights,bootstrap_0414,0.9878787878787878,0.9555555555555556,1.0
bootstrap_sector_weights,bootstrap_0415,0.9757575757575757,0.9111111111111111,1.0
bootstrap_sector_weights,bootstrap_0416,0.9757575757575757,0.9111111111111111,1.0
bootstrap_sector_weights,bootstrap_0417,0.9757575757575757,0.9111111111111111,1.0
bootstrap_sector_weights,bootstrap_0418,0.9393939393939393,0.8222222222222222,1.0
bootstrap_sector_weights,bootstrap_0419,0.9999999999999999,1.0,1.0
bootstrap_sector_weights,bootstrap_0420,0.9878787878787878,0.9555555555555556,1.0
bootstrap_sector_weights,bootstrap_0421,0.9999999999999999,1.0,1.0
bootstrap_sector_weights,bootstrap_0422,0.9999999999999999,1.0,1.0
bootstrap_sector_weights,bootstrap_0423,0.9878787878787878,0.9555555555555556,1.0
bootstrap_sector_weights,bootstrap_0424,0.9515151515151514,0.8666666666666667,1.0
bootstrap_sector_weights,bootstrap_0425,0.9878787878787878,0.9555555555555556,1.0
bootstrap_sector_weights,bootstrap_0426,0.9272727272727272,0.8222222222222222,1.0
bootstrap_sector_weights,bootstrap_0427,0.9878787878787878,0.9555555555555556,1.0
bootstrap_sector_weights,bootstrap_0428,0.9393939393939393,0.8222222222222222,1.0
bootstrap_sector_weights,bootstrap_0429,0.9636363636363635,0.8666666666666667,1.0
bootstrap_sector_weights,bootstrap_0430,0.9272727272727272,0.7777777777777778,1.0
bootstrap_sector_weights,bootstrap_0431,0.9757575757575757,0.9111111111111111,1.0
bootstrap_sector_weights,bootstrap_0432,0.9757575757575757,0.9111111111111111,1.0
bootstrap_sector_weights,bootstrap_0433,0.9636363636363635,0.8666666666666667,1.0
bootstrap_sector_weights,bootstrap_0434,0.9757575757575757,0.9111111111111111,1.0
bootstrap_sector_weights,bootstrap_0435,0.9515151515151514,0.8666666666666667,1.0
bootstrap_sector_weights,bootstrap_0436,0.9757575757575757,0.9111111111111111,1.0
bootstrap_sector_weights,bootstrap_0437,0.9878787878787878,0.9555555555555556,1.0
bootstrap_sector_weights,bootstrap_0438,0.9999999999999999,1.0,1.0
bootstrap_sector_weights,bootstrap_0439,0.9878787878787878,0.9555555555555556,1.0
bootstrap_sector_weights,bootstrap_0440,0.9515151515151514,0.8666666666666667,1.0
bootstrap_sector_weights,bootstrap_0441,0.9999999999999999,1.0,1.0
bootstrap_sector_weights,bootstrap_0442,0.9757575757575757,0.9111111111111111,1.0
bootstrap_sector_weights,bootstrap_0443,0.9757575757575757,0.9111111111111111,1.0
bootstrap_sector_weights,bootstrap_0444,0.9878787878787878,0.9555555555555556,1.0
bootstrap_sector_weights,bootstrap_0445,0.9636363636363635,0.8666666666666667,1.0
bootstrap_sector_weights,bootstrap_0446,0.9636363636363635,0.9111111111111111,1.0
bootstrap_sector_weights,bootstrap_0447,0.9878787878787878,0.9555555555555556,1.0
bootstrap_sector_weights,bootstrap_0448,0.9757575757575757,0.9111111111111111,1.0
bootstrap_sector_weights,bootstrap_0449,0.9393939393939393,0.8222222222222222,1.0
bootstrap_sector_weights,bootstrap_0450,0.9393939393939393,0.8222222222222222,0.6666666666666666
bootstrap_sector_weights,bootstrap_0451,0.9999999999999999,1.0,1.0
bootstrap_sector_weights,bootstrap_0452,0.9999999999999999,1.0,1.0
bootstrap_sector_weights,bootstrap_0453,0.9636363636363635,0.8666666666666667,1.0
bootstrap_sector_weights,bootstrap_0454,0.9272727272727272,0.7777777777777778,1.0
bootstrap_sector_weights,bootstrap_0455,0.9878787878787878,0.9555555555555556,1.0
bootstrap_sector_weights,bootstrap_0456,0.9515151515151514,0.8666666666666667,1.0
bootstrap_sector_weights,bootstrap_0457,0.9757575757575757,0.9111111111111111,1.0
bootstrap_sector_weights,bootstrap_0458,0.9393939393939393,0.8222222222222222,1.0
bootstrap_sector_weights,bootstrap_0459,0.9757575757575757,0.9111111111111111,1.0
bootstrap_sector_weights,bootstrap_0460,0.9272727272727272,0.7777777777777778,1.0
bootstrap_sector_weights,bootstrap_0461,0.9636363636363635,0.8666666666666667,1.0
bootstrap_sector_weights,bootstrap_0462,0.9878787878787878,0.9555555555555556,1.0
bootstrap_sector_weights,bootstrap_0463,0.9757575757575757,0.9111111111111111,1.0
bootstrap_sector_weights,bootstrap_0464,0.9878787878787878,0.9555555555555556,1.0
bootstrap_sector_weights,bootstrap_0465,0.9272727272727272,0.7777777777777778,1.0
bootstrap_sector_weights,bootstrap_0466,0.9999999999999999,1.0,1.0
bootstrap_sector_weights,bootstrap_0467,0.9757575757575757,0.9111111111111111,1.0
bootstrap_sector_weights,bootstrap_0468,0.9636363636363635,0.8666666666666667,1.0
bootstrap_sector_weights,bootstrap_0469,0.9878787878787878,0.9555555555555556,1.0
bootstrap_sector_weights,bootstrap_0470,0.9151515151515152,0.7777777777777778,1.0
bootstrap_sector_weights,bootstrap_0471,0.9393939393939393,0.8222222222222222,1.0
bootstrap_sector_weights,bootstrap_0472,0.9636363636363635,0.8666666666666667,1.0
bootstrap_sector_weights,bootstrap_0473,0.9757575757575757,0.9111111111111111,1.0
bootstrap_sector_weights,bootstrap_0474,0.9757575757575757,0.9111111111111111,1.0
bootstrap_sector_weights,bootstrap_0475,0.9393939393939393,0.8222222222222222,1.0
bootstrap_sector_weights,bootstrap_0476,0.9636363636363635,0.8666666666666667,1.0
bootstrap_sector_weights,bootstrap_0477,0.9636363636363635,0.8666666666666667,1.0
bootstrap_sector_weights,bootstrap_0478,0.9515151515151514,0.8666666666666667,1.0
bootstrap_sector_weights,bootstrap_0479,0.9636363636363635,0.8666666666666667,1.0
bootstrap_sector_weights,bootstrap_0480,0.9393939393939393,0.8222222222222222,0.6666666666666666
bootstrap_sector_weights,bootstrap_0481,0.9757575757575757,0.9111111111111111,1.0
bootstrap_sector_weights,bootstrap_0482,0.9999999999999999,1.0,1.0
bootstrap_sector_weights,bootstrap_0483,0.9878787878787878,0.9555555555555556,1.0
bootstrap_sector_weights,bootstrap_0484,0.9999999999999999,1.0,1.0
bootstrap_sector_weights,bootstrap_0485,0.9636363636363635,0.8666666666666667,1.0
bootstrap_sector_weights,bootstrap_0486,0.9999999999999999,1.0,1.0
bootstrap_sector_weights,bootstrap_0487,0.9636363636363635,0.8666666666666667,1.0
bootstrap_sector_weights,bootstrap_0488,0.9878787878787878,0.9555555555555556,1.0
bootstrap_sector_weights,bootstrap_0489,0.9757575757575757,0.9111111111111111,1.0
bootstrap_sector_weights,bootstrap_0490,0.9393939393939393,0.8222222222222222,1.0
bootstrap_sector_weights,bootstrap_0491,0.8909090909090909,0.7777777777777778,1.0
bootstrap_sector_weights,bootstrap_0492,0.9999999999999999,1.0,1.0
bootstrap_sector_weights,bootstrap_0493,0.9999999999999999,1.0,1.0
bootstrap_sector_weights,bootstrap_0494,0.9999999999999999,1.0,1.0
bootstrap_sector_weights,bootstrap_0495,0.9636363636363635,0.8666666666666667,1.0
bootstrap_sector_weights,bootstrap_0496,0.9636363636363635,0.8666666666666667,0.6666666666666666
bootstrap_sector_weights,bootstrap_0497,0.9999999999999999,1.0,1.0
bootstrap_sector_weights,bootstrap_0498,0.9757575757575757,0.9111111111111111,1.0
bootstrap_sector_weights,bootstrap_0499,0.9757575757575757,0.9111111111111111,1.0
bootstrap_sector_weights,bootstrap_0500,0.9878787878787878,0.9555555555555556,1.0
