year,sector_id,sector_name_ru,okved,ai_intensity,is_proxy_mn,staffing_proxy_exact,va_current_bn_rub,va_constant_2016_bn_rub,va_constant_2021_bn_rub,va_nominal_index_prev_year_pct,va_volume_index_prev_year_pct,va_real_growth_pct,va_deflator_index_prev_year_pct,va_deflator_growth_pct,va_volume_index_official_prev_year_pct,va_deflator_index_official_prev_year_pct,employment_thousand_persons,employment_persons,avg_monthly_wage_rub,annual_wage_rub,fot_proxy_bn_rub,labour_share_proxy,has_complete_labor_share_inputs,has_complete_real_va_inputs,source_layer
2011,B,Добыча полезных ископаемых,B,low,False,True,4943.532054158384,6858.2175602109255,14342.479447088102,,,,,,,,,,,,,,False,False,official_partial
2011,C,Обрабатывающая промышленность,C,low_medium,False,True,6895.6370937086385,9305.558515810048,13890.849139645561,,,,,,,,,,,,,,False,False,official_partial
2011,DE,Энергетика и ЖКХ,D+E,low,False,True,1885.4248731627758,2698.409054307115,3430.9767073463554,,,,,,,,,,,,,,False,False,official_partial
2011,F,Строительство,F,low,False,True,3957.0907732358305,4917.347502740164,5597.890234531498,,,,,,,,,,,,,,False,False,official_partial
2011,H,Транспорт и логистика,H,medium,False,False,3060.679039359774,5311.5245615765725,7056.613431750152,,,,,,,,,,,,,,False,False,official_partial
2011,J,ИТ и связь,J,high,False,False,1343.877266830548,1838.4927668260693,2413.1305000303496,,,,,,,,,,,,,,False,False,official_partial
2011,K,Финансы и страхование,K,high,False,True,1941.0799034572801,2578.541646670763,3015.4244400126304,,,,,,,,,,,,,,False,False,official_partial
2011,M,Профессиональные и научные услуги,M,high,True,False,2065.864359050298,3144.399529815079,3745.313178814644,,,,,,,,,,,,,,False,False,official_partial
2012,B,Добыча полезных ископаемых,B,low,False,True,5563.397143131903,7014.070823786597,14668.41285616574,112.53891108993828,102.27250392988229,2.2725039298822907,110.03828670029885,10.038286700298855,102.27250392988229,110.03828670029885,,,,,,,False,True,official_partial
2012,C,Обрабатывающая промышленность,C,low_medium,False,True,7774.197503505284,9788.02680298544,14611.052465478193,112.74081564701565,105.18473218298163,5.184732182981634,107.18363141419545,7.183631414195446,105.18473218298163,107.18363141419545,,,,,,,False,True,official_partial
2012,DE,Энергетика и ЖКХ,D+E,low,False,True,1964.2684558463943,2715.403003828792,3456.54204700045,104.18174088004682,100.74513299957282,0.7451329995728173,103.41118997826781,3.4111899782678137,203.51989682043305,214.3748287835915,,,,,,,False,True,official_partial
2012,F,Строительство,F,low,False,True,4518.179552132687,5118.703055855571,5827.1126524764,114.17932544514355,104.09480015400992,4.094800154009917,109.68782809152178,9.68782809152178,104.09480015400993,109.68782809152175,,,,,,,False,True,official_partial
2012,H,Транспорт и логистика,H,medium,False,False,3450.9740197900783,5519.558030341344,7332.995806136335,112.75190816845483,103.91664326038668,3.916643260386678,108.50226165016647,8.502261650166474,103.91664326038668,108.50226165016647,,,,,,,False,True,official_partial
2012,J,ИТ и связь,J,high,False,False,1591.625668908861,1966.1950108068513,2580.747248615304,118.43534437208037,106.94602917591266,6.946029175912656,110.74309657375801,10.74309657375801,106.94602917591263,110.74309657375802,,,,,,,False,True,official_partial
2012,K,Финансы и страхование,K,high,False,True,2458.040214653447,3018.7717817208636,3530.242849160332,126.63261364333343,117.07283400361194,17.072834003611945,108.16566859518113,8.165668595181131,117.07283400361194,108.16566859518113,,,,,,,False,True,official_partial
2012,M,Профессиональные и научные услуги,M,high,True,False,2315.602673984069,3407.325414457239,4058.485780281002,112.08880504858405,108.3617200088318,8.361720008831796,103.43948493937572,3.439484939375717,108.3617200088318,103.43948493937572,,,,,,,False,True,official_partial
2013,B,Добыча полезных ископаемых,B,low,False,True,5910.711715526167,7080.555258219006,14807.450678460893,106.24285060833789,100.94787229987674,0.9478722998767353,105.24525994241051,5.245259942410513,100.94787229987674,105.24525994241051,,,,,,,False,True,official_partial
2013,C,Обрабатывающая промышленность,C,low_medium,False,True,8070.252431039951,9925.58346748925,14816.389831476043,103.80817347901414,101.4053564346785,1.4053564346784952,102.3695168863032,2.3695168863032023,101.4053564346785,102.3695168863032,,,,,,,False,True,official_partial
2013,DE,Энергетика и ЖКХ,D+E,low,False,True,2124.4031597889643,2675.9231290092694,3406.6262880343234,108.15238382849093,98.55590476587886,-1.4440952341211357,109.73709194330736,9.737091943307362,197.27862362100146,218.20498387918062,,,,,,,False,True,official_partial
2013,F,Строительство,F,low,False,True,4470.242440170483,5053.51328128502,5752.900853888559,98.93901711056223,98.7264396105968,-1.273560389403201,100.21531972671545,0.21531972671544963,98.7264396105968,100.21531972671545,,,,,,,False,True,official_partial
2013,H,Транспорт и логистика,H,medium,False,False,4109.369829638388,5504.320744899754,7312.752346492307,119.0785501737379,99.72394011698346,-0.2760598830165435,119.40818827861202,19.408188278612016,99.72394011698344,119.40818827861206,,,,,,,False,True,official_partial
2013,J,ИТ и связь,J,high,False,False,1661.42943330319,2032.1461616460906,2667.3120349848587,104.38568978610299,103.3542527814764,3.3542527814764043,100.99796280933633,0.9979628093363289,103.3542527814764,100.99796280933629,,,,,,,False,True,official_partial
2013,K,Финансы и страхование,K,high,False,True,2865.5814515477155,3210.650171067734,3754.6312298924604,116.57992552215939,106.35617407412919,6.356174074129186,109.6127484248393,9.612748424839296,106.35617407412919,109.6127484248393,,,,,,,False,True,official_partial
2013,M,Профессиональные и научные услуги,M,high,True,False,2759.2693501932163,3659.1704034174495,4358.459860300845,119.15987924844656,107.39128079436252,7.391280794362515,110.95861634858333,10.958616348583334,107.39128079436252,110.95861634858335,,,,,,,False,True,official_partial
2014,B,Добыча полезных ископаемых,B,low,False,True,6231.450837450986,7211.820478906954,15081.963511176635,105.42640442236942,101.85388314759037,1.8538831475903663,103.50749639029699,3.5074963902969927,101.85388314759037,103.50749639029699,,,,,,,False,True,official_partial
2014,C,Обрабатывающая промышленность,C,low_medium,False,True,8958.509201525067,10001.213842805777,14929.28688457734,111.00655497551335,100.7619741002053,0.7619741002052933,110.1671101293828,10.167110129382806,100.7619741002053,110.1671101293828,,,,,,,False,True,official_partial
2014,DE,Энергетика и ЖКХ,D+E,low,False,True,2207.614197783095,2626.7763016437098,3344.1535779229644,103.91691368047091,98.16614137186716,-1.8338586281328446,105.8582034785487,5.8582034785487025,196.37918935810532,221.07592260247242,,,,,,,False,True,official_partial
2014,F,Строительство,F,low,False,True,4676.711598711447,4918.485441901798,5599.185660270048,104.6187463276173,97.32804027876458,-2.6719597212354245,107.49085877818034,7.490858778180339,97.32804027876458,107.49085877818034,,,,,,,False,True,official_partial
2014,H,Транспорт и логистика,H,medium,False,False,4280.613302835932,5531.611682591836,7349.00965741131,104.16714679614545,100.49580936425934,0.49580936425934397,103.65322440319764,3.6532244031976404,100.49580936425934,103.65322440319761,,,,,,,False,True,official_partial
2014,J,ИТ и связь,J,high,False,False,1729.5549947943464,2023.4726305782676,2655.927512434434,104.10041859892367,99.57318369950333,-0.4268163004966681,104.54664070306603,4.546640703066032,99.57318369950335,104.54664070306603,,,,,,,False,True,official_partial
2014,K,Финансы и страхование,K,high,False,True,3086.5508087384364,3350.0163727623235,3917.610273199435,107.71115255060624,104.34074702222202,4.340747022222018,103.23019110421589,3.2301911042158906,104.34074702222202,103.23019110421588,,,,,,,False,True,official_partial
2014,M,Профессиональные и научные услуги,M,high,True,False,3053.7532556057004,3794.7453646593226,4519.944011485136,110.67253203794196,103.70507372696427,3.7050737269642724,106.71853175604666,6.718531756046659,103.70507372696429,106.71853175604664,,,,,,,False,True,official_partial
2015,B,Добыча полезных ископаемых,B,low,False,True,7275.803485675293,7283.832634585387,15232.561367498749,116.75938197165503,100.9985295098381,0.9985295098380931,115.60503161611051,15.605031616110509,100.99852950983812,115.6050316161105,,,,,,,False,True,official_partial
2015,C,Обрабатывающая промышленность,C,low_medium,False,True,10288.728416861702,9909.657551493983,14792.616460310295,114.84866717679078,99.0845482083392,-0.9154517916608,115.909765199015,15.909765199014998,99.0845482083392,115.909765199015,,,,,,,False,True,official_partial
2015,DE,Энергетика и ЖКХ,D+E,low,False,True,2468.319816398553,2549.716466355406,3232.816279112851,111.80938312850411,96.67068822600952,-3.329311773990483,115.6600673692333,15.660067369233303,186.65197976418676,236.98376518352825,,,,,,,False,True,official_partial
2015,F,Строительство,F,low,False,True,4722.258079075674,4821.044571470036,5488.259333275614,100.9738997028762,98.01888464278778,-1.981115357212218,103.01474054806626,3.014740548066257,98.01888464278778,103.01474054806626,,,,,,,False,True,official_partial
2015,H,Транспорт и логистика,H,medium,False,False,4986.095976320284,5493.959714182151,7298.987223563663,116.48087840630139,99.31933095506004,-0.680669044939961,117.2791613538019,17.279161353801896,99.31933095506005,117.2791613538019,,,,,,,False,True,official_partial
2015,J,ИТ и связь,J,high,False,False,1875.6344769561192,2020.8141020576395,2652.4380365038846,108.4460732732666,99.86861554337561,-0.1313844566243887,108.58874200190107,8.588742001901068,99.86861554337563,108.58874200190105,,,,,,,False,True,official_partial
2015,K,Финансы и страхование,K,high,False,True,2663.184685574079,3134.0761948317872,3665.083310544736,86.28352003907561,93.55405604324022,-6.445943956759777,92.22851866432792,-7.771481335672078,93.55405604324022,92.22851866432792,,,,,,,False,True,official_partial
2015,M,Профессиональные и научные услуги,M,high,True,False,3323.731392448768,3633.82846468928,4328.274924768524,108.84086284140591,95.75948095309185,-4.2405190469081475,113.66066498911165,13.660664989111652,95.75948095309185,113.66066498911165,,,,,,,False,True,official_partial
2016,B,Добыча полезных ископаемых,B,low,False,True,7423.112777647571,7423.112777647571,15523.835677728615,102.02464638114957,101.91218208942423,1.9121820894242347,100.1103541200076,0.11035412000759948,101.91218208942423,100.1103541200076,,,,,,,False,True,official_partial
2016,C,Обрабатывающая промышленность,C,low_medium,False,True,10017.32265653998,10017.32265653998,14953.333275884246,97.36210589564276,101.08646645443127,1.0864664544312745,96.3156684673834,-3.6843315326165964,101.08646645443129,96.3156684673834,,,,,,,False,True,official_partial
2016,DE,Энергетика и ЖКХ,D+E,low,False,True,2637.5287017635987,2637.5287017635987,3351.253344361693,106.8552253334794,103.6635878758116,3.6635878758116007,103.07884139751305,3.0788413975130453,211.55663327720868,194.9193498334247,,,,,,,False,True,official_partial
2016,F,Строительство,F,low,False,True,4899.595599635166,4899.595599635166,5577.681533604751,103.75535427310241,101.62933627766031,1.6293362776603146,102.09193336620208,2.0919333662020847,101.62933627766031,102.09193336620208,,,,,,,False,True,official_partial
2016,H,Транспорт и логистика,H,medium,False,False,5624.665267662731,5624.665267662731,7472.635778437639,112.80699959196751,102.37907739190688,2.3790773919068755,110.1855989189496,10.185598918949594,102.37907739190688,110.1855989189496,,,,,,,False,True,official_partial
2016,J,ИТ и связь,J,high,False,False,1953.4463046142205,1953.4463046142205,2564.0138176742216,104.14856031993922,96.66630407147181,-3.3336959285281864,107.74029411834685,7.740294118346853,96.6663040714718,107.74029411834687,,,,,,,False,True,official_partial
2016,K,Финансы и страхование,K,high,False,True,3398.3219949232434,3398.3219949232434,3974.1003259554677,127.60369242626135,108.43137765850139,8.43137765850139,117.68151911538199,17.681519115381988,108.43137765850139,117.68151911538199,,,,,,,False,True,official_partial
2016,M,Профессиональные и научные услуги,M,high,True,False,3431.789142069054,3431.789142069054,4087.6246732743016,103.25109754253259,94.44004237999987,-5.559957620000134,109.32978738730287,9.329787387302872,94.44004237999987,109.32978738730287,,,,,,,False,True,official_partial
2017,B,Добыча полезных ископаемых,B,low,False,True,9028.546529028925,7543.72803412867,15776.078508702325,121.62750047682995,101.62487439451316,1.6248743945131565,119.68280522017231,19.682805220172312,101.62487439451316,119.68280522017231,1134.4,1134400.0,74474.09999999999,893689.2,1013.8010284799999,0.1122883982732313,True,True,official_complete
2017,C,Обрабатывающая промышленность,C,low_medium,False,True,11308.443932770126,10456.6814237648,15609.187470016688,112.88888578813237,104.38600666508357,4.3860066650835705,108.14561203622799,8.145612036227988,104.38600666508356,108.14561203622802,10237.6,10237600.0,38501.5,462018.0,4729.9554768,0.4182675799535353,True,True,official_complete
2017,DE,Энергетика и ЖКХ,D+E,low,False,True,2836.036013125134,2598.634018549977,3301.894926816692,107.52626165655761,98.52716543713282,-1.4728345628671775,109.13361932163453,9.133619321634527,197.0870842378062,223.74289812244095,2389.1,2389100.0,39777.77833493784,477333.340019254,1140.3970826399998,0.4021095209518703,True,True,official_complete
2017,F,Строительство,F,low,False,True,4998.310929817734,4829.898963411449,5498.339173250333,102.0147648550815,98.57750285891385,-1.4224971410861542,103.48686251576807,3.486862515768067,98.57750285891383,103.48686251576807,6351.1,6351100.0,33677.9,404134.80000000005,2566.70052828,0.5135135777504735,True,True,official_complete
2017,H,Транспорт и логистика,H,medium,False,False,5816.317821188188,5625.369671181925,7474.582830882433,103.40735927215623,100.0260557653621,0.02605576536210208,103.38042271178409,3.3804227117840924,100.0260557653621,103.38042271178409,5298.0,5298000.0,43966.80000000001,527601.6000000001,2795.2332768000006,0.48058468652061653,True,True,official_complete
2017,J,ИТ и связь,J,high,False,False,2143.607949960487,2023.3767961798746,2655.801724118109,109.7346748102104,103.5798522539612,3.5798522539612065,105.94210401184831,5.942104011848315,103.57985225396122,105.94210401184829,1449.9,1449900.0,58811.19999999999,705734.3999999999,1023.2443065599999,0.4773467585706898,True,True,official_complete
2017,K,Финансы и страхование,K,high,False,True,3619.017734286189,3418.8994690567692,3998.1642453791014,106.49425627390939,100.6055186696337,0.605518669633696,105.85329481140393,5.853294811403927,100.6055186696337,105.85329481140393,1422.9,1422900.0,84904.0,1018848.0,1449.7188192,0.40058350791307773,True,True,official_complete
2017,M,Профессиональные и научные услуги,M,high,True,False,3720.6433954169624,3526.196695288189,4200.074114937239,108.41701635473315,102.7509727690547,2.750972769054698,105.51434544411913,5.5143454441191295,102.75097276905471,105.5143454441191,2948.9,2948900.0,57178.799999999996,686145.6,2023.37475984,0.5438238887210651,True,True,official_complete
2018,B,Добыча полезных ископаемых,B,low,False,True,12409.586608708878,7720.382467138454,16145.510970810757,137.4483320079163,102.34172555559131,2.34172555559131,134.30331691374045,34.303316913740446,102.34172555559131,134.30331691374042,1148.9,1148900.0,83178.0,998136.0,1146.7584504000001,0.09240907747847303,True,True,official_complete
2018,C,Обрабатывающая промышленность,C,low_medium,False,True,13314.948681931999,10871.00178726766,16227.660657572815,117.74342041301837,103.9622381930138,3.9622381930138033,113.25594990983048,13.255949909830477,103.96223819301382,113.25594990983048,10132.9,10132900.0,40722.00000000001,488664.0000000001,4951.5834456,0.3718815268375128,True,True,official_complete
2018,DE,Энергетика и ЖКХ,D+E,low,False,True,2930.891728380936,2648.001606187641,3362.3539536488424,103.34465834766593,101.83104030177115,1.8310403017711536,101.48640143654552,1.4864014365455205,202.4272410305037,209.3695112687538,2358.9,2358900.0,42582.94026876934,510995.28322523204,1205.3867736,0.41126963576572373,True,True,official_complete
2018,F,Строительство,F,low,False,True,5156.020361965399,4922.545058987443,5603.807113365851,103.15525453222287,101.91817814056697,1.9181781405669653,101.2137936668665,1.2137936668664935,101.91817814056697,101.21379366686651,6430.8,6430800.0,38518.0,462216.0,2972.4186528,0.5764947467482378,True,True,official_complete
2018,H,Транспорт и логистика,H,medium,False,False,6152.592110279368,5797.551038033743,7702.322761000782,105.78156661016995,103.0468580691541,3.046858069154098,102.65384951298621,2.6538495129862127,103.0468580691541,102.65384951298621,5408.8,5408800.0,47474.0,569688.0,3081.3284544000003,0.5008179315595955,True,True,official_complete
2018,J,ИТ и связь,J,high,False,False,2309.3718487171586,2140.1169838506194,2809.030125410042,107.73293916733829,105.76957232538939,5.76957232538939,101.85626811074626,1.8562681107462566,105.76957232538939,101.85626811074626,1476.9,1476900.0,66590.0,799080.0,1180.161252,0.5110312800667299,True,True,official_complete
2018,K,Финансы и страхование,K,high,False,True,4036.798054529864,3732.7119289055727,4365.146008978045,111.54402522777573,109.17875657617328,9.178756576173285,102.16641838190583,2.166418381905828,109.17875657617328,102.16641838190583,1391.1,1391100.0,91070.0,1092840.0,1520.2497239999998,0.3765979133620673,True,True,official_complete
2018,M,Профессиональные и научные услуги,M,high,True,False,3831.3200516888396,3622.078521592837,4314.279496925418,102.97466444669776,102.71912777876983,2.719127778769831,100.24877223303363,0.24877223303363394,102.71912777876982,100.24877223303366,2911.6,2911600.0,66264.00000000001,795168.0000000002,2315.2111488,0.6042854988790244,True,True,official_complete
2019,B,Добыча полезных ископаемых,B,low,False,True,12622.497202440407,7915.120959493136,16552.764429837513,101.71569449043622,102.52239436561051,2.5223943656105092,99.21314764431128,-0.7868523556887226,102.52239436561051,99.21314764431128,1158.9,1158900.0,89343.7,1072124.4,1242.48496716,0.09843416458985474,True,True,official_complete
2019,C,Обрабатывающая промышленность,C,low_medium,False,True,14215.327628195535,11182.736956596054,16693.002549873585,106.76216610196421,102.86758456514565,2.8675845651456484,103.78601437302355,3.786014373023548,102.86758456514565,103.78601437302355,10035.2,10035200.0,43855.0,526260.0,5281.124352000001,0.37150915477495583,True,True,official_complete
2019,DE,Энергетика и ЖКХ,D+E,low,False,True,3061.1432266932675,2637.6161339096316,3354.1623798121996,104.4440910952478,99.75637383959076,-0.24362616040923513,104.6991656525075,4.699165652507503,202.24144553073614,206.9543903634888,2321.4,2321400.0,45556.2704144051,546675.2449728613,1269.0519136800003,0.4145679635679333,True,True,official_complete
2019,F,Строительство,F,low,False,True,5340.643870858997,4832.1288603894145,5500.877646840794,103.58073661336786,98.16322252991976,-1.8367774700802357,105.51888369577196,5.518883695771962,98.16322252991978,105.51888369577193,6440.0,6440000.0,42629.9,511558.80000000005,3294.438672,0.6168617027575962,True,True,official_complete
2019,H,Транспорт и логистика,H,medium,False,False,6743.3635184804925,5894.78995276838,7831.509291882902,109.60199209718617,101.6772412023063,1.6772412023063055,107.79402627487902,7.794026274879016,101.67724120230628,107.79402627487904,5434.7,5434700.0,51160.200000000004,613922.4,3336.4840672799996,0.49478039529327084,True,True,official_complete
2019,J,ИТ и связь,J,high,False,False,2607.431121293941,2282.0564721084706,2995.334099216279,112.90650844048145,106.63232380888196,6.632323808881964,105.88394251150781,5.8839425115078114,106.63232380888196,105.88394251150778,1488.7,1488700.0,75898.2,910778.3999999999,1355.8758040799999,0.5200044568798216,True,True,official_complete
2019,K,Финансы и страхование,K,high,False,True,4250.6611587472435,4180.793077611309,4889.14563049307,105.2978400536384,112.00417169178958,12.00417169178958,94.01242691512822,-5.987573084871784,112.00417169178958,94.01242691512823,1375.5,1375500.0,103667.8,1244013.6,1711.1407068,0.40255871801936527,True,True,official_complete
2019,M,Профессиональные и научные услуги,M,high,True,False,4409.7134357948435,3817.030939291038,4546.488493372442,115.09645177909502,105.38233548875328,5.382335488753284,109.21797400417117,9.217974004171168,105.38233548875328,109.21797400417117,2859.7,2859700.0,75192.8,902313.6000000001,2580.34620192,0.5851505408434544,True,True,official_complete
2020,B,Добыча полезных ископаемых,B,low,False,True,9192.3440415404,7399.086505232014,15473.58992286812,72.82508281929483,93.48039711708755,-6.5196028829124515,77.90412221728027,-22.095877782719725,93.48039711708755,77.90412221728027,1148.9,1148900.0,95359.0,1144308.0,1314.6954612,0.1430206980133536,True,True,official_complete
2020,C,Обрабатывающая промышленность,C,low_medium,False,True,14429.214557590403,11198.502180093281,16716.53604771584,101.50462187709716,100.14097821989749,0.14097821989749093,101.36172392305302,1.3617239230530203,100.14097821989749,101.36172392305302,9792.1,9792100.0,46510.0,558120.0,5465.166852,0.3787570577862869,True,True,official_complete
2020,DE,Энергетика и ЖКХ,D+E,low,False,True,3093.343669155686,2570.086241090679,3272.335828974741,101.05190904436058,97.56044754034717,-2.4395524596528304,103.57876741244907,3.578767412449068,197.23509202508757,207.44868705630617,2290.2,2290200.0,48075.53855558467,576906.4626670161,1321.2311808000002,0.4271207218177036,True,True,official_complete
2020,F,Строительство,F,low,False,True,5277.989430823326,4670.188339415688,5316.525155903634,98.82683733364918,96.64867130714977,-3.351328692850231,102.25369474514264,2.2536947451426386,96.64867130714975,102.25369474514265,6209.4,6209400.0,44738.0,536856.0,3333.5536463999997,0.6315953622286793,True,True,official_complete
2020,H,Транспорт и логистика,H,medium,False,False,6284.294380864456,5253.382616677452,6979.369087952663,93.19228251067977,89.11908072670673,-10.880919273293273,104.57051593301772,4.570515933017717,89.11908072670674,104.57051593301769,5490.3,5490300.0,52938.99999999999,635267.9999999999,3487.8119003999996,0.555004538141993,True,True,official_complete
2020,J,ИТ и связь,J,high,False,False,2898.3020694727575,2319.164148251511,3044.0401190069415,111.15546047615139,101.62606300924514,1.6260630092451436,109.37692279394837,9.376922793948367,101.62606300924514,109.37692279394837,1512.1,1512100.0,85648.0,1027776.0,1554.1000895999998,0.5362105302856555,True,True,official_complete
2020,K,Финансы и страхование,K,high,False,True,5049.898147845524,4719.538048184609,5519.1702621673785,118.80265114648265,112.8861907435302,12.886190743530193,105.24108428496295,5.241084284962952,112.8861907435302,105.24108428496292,1325.0,1325000.0,112680.0,1352160.0,1791.612,0.3547818089686361,True,True,official_complete
2020,M,Профессиональные и научные услуги,M,high,True,False,4844.240264093321,3802.9090965668465,4529.667881626842,109.85385637015106,99.6300306979745,-0.3699693020254955,110.26179114926681,10.261791149266813,99.63003069797452,110.2617911492668,2773.8,2773800.0,80077.0,960924.0,2665.4109912000004,0.5502227069447134,True,True,official_complete
2021,B,Добыча полезных ископаемых,B,low,False,True,16012.400697205409,7677.180660243344,16012.400697205409,174.19279157573985,103.48213166448848,3.4821316644884774,168.3312749494866,68.33127494948661,103.48213166448848,168.3312749494866,1162.6,1162600.0,103473.5,1241682.0,1443.5794932,0.09015384516651166,True,True,official_complete
2021,C,Обрабатывающая промышленность,C,low_medium,False,True,17693.311536133857,11867.956846633791,17693.311536133857,122.62144599427552,105.84316921657633,5.843169216576328,115.8520166222229,15.852016622222905,105.84316921657633,115.8520166222229,10066.3,10066300.0,52409.6,628915.2,6330.849077759999,0.3578102982491962,True,True,official_complete
2021,DE,Энергетика и ЖКХ,D+E,low,False,True,3497.957866394605,2743.5759171395644,3497.957866394605,113.08015663676183,106.89483137464389,6.894831374643886,105.78636514280066,5.786365142800662,216.62058681405378,222.0277713895447,2309.3,2309300.0,52305.19559173775,627662.347100853,1449.4606581599999,0.4143733897098022,True,True,official_complete
2021,F,Строительство,F,low,False,True,5620.801549228249,4921.8737254459675,5620.801549228249,106.49512703460353,105.72321929083203,5.723219290832034,100.73012130064643,0.7301213006464309,105.72321929083206,100.7301213006464,6529.7,6529700.0,51944.19999999999,623330.3999999999,4070.1605128799993,0.7241245714214626,True,True,official_complete
2021,H,Транспорт и логистика,H,medium,False,False,7529.890645795774,5652.196642429949,7529.890645795774,119.82078160953331,107.88784130636371,7.887841306363711,111.06050520492316,11.06050520492316,107.88784130636371,111.06050520492316,5691.0,5691000.0,58391.30000000001,700695.6000000001,3987.6586596000006,0.529577233877422,True,True,official_complete
2021,J,ИТ и связь,J,high,False,False,3455.6208125219273,2531.2485260621283,3455.6208125219273,119.229146227348,113.52086954915876,13.52086954915876,105.02839407490386,5.028394074903858,113.52086954915876,105.02839407490387,1576.0,1576000.0,97434.39999999998,1169212.7999999998,1842.6793727999998,0.5332411953657624,True,True,official_complete
2021,K,Финансы и страхование,K,high,False,True,6317.476335207156,5401.980427834539,6317.476335207156,125.10106442250579,114.46424073038621,14.464240730386209,109.29270453745812,9.292704537458121,114.46424073038621,109.29270453745809,1310.8,1310800.0,130223.29999999999,1562679.5999999999,2048.3604196799997,0.3242371337846621,True,True,official_complete
2021,M,Профессиональные и научные услуги,M,high,True,False,4786.534993906449,3965.7871917309294,4786.534993906449,98.80878595938775,105.67077143385073,5.670771433850732,93.50625969570162,-6.493740304298385,105.67077143385073,93.50625969570162,2773.3,2773300.0,87329.40000000001,1047952.8,2906.2875002400006,0.6071798292376179,True,True,official_complete
2022,B,Добыча полезных ископаемых,B,low,False,True,18968.624058569305,7704.483383576862,16149.924432728889,118.4620870865406,100.85885769488321,0.8588576948832127,117.45333012288364,17.453330122883642,100.85885769488321,117.45333012288364,1198.1,1198100.0,118375.70000000001,1420508.4000000001,1701.9111140400003,0.08972243367705637,True,True,official_complete
2022,C,Обрабатывающая промышленность,C,low_medium,False,True,20643.67266006209,11573.67222990885,17335.84028049933,116.67500805546157,97.97962492829855,-2.0203750717014515,119.0808886448017,19.080888644801703,97.97962492829855,119.0808886448017,10112.8,10112800.0,60438.69999999999,725264.3999999999,7334.453824319999,0.3552882253606679,True,True,official_complete
2022,DE,Энергетика и ЖКХ,D+E,low,False,True,3886.0934518745153,2716.6374422956483,3474.050882983961,111.09606233993799,99.31654455760254,-0.6834554423974595,111.86057955883015,11.860579558830153,195.6558091736027,224.9993325388632,2284.6000000000004,2284600.0000000005,59403.06753042108,712836.810365053,1628.54697696,0.4190704616674738,True,True,official_complete
2022,F,Строительство,F,low,False,True,7053.110117043934,5169.10153668408,5997.354927922993,125.48228318098768,106.6992825737896,6.699282573789603,117.6036803192265,17.6036803192265,106.69928257378957,117.60368031922653,6604.5,6604500.0,60849.5,730194.0,4822.566273,0.6837503162393856,True,True,official_complete
2022,H,Транспорт и логистика,H,medium,False,False,9283.752920584011,5551.220840222802,7537.691433185748,123.29200193322178,100.10359761857006,0.10359761857006333,123.16440654111925,23.16440654111925,100.10359761857006,123.16440654111925,5804.6,5804600.0,66925.5,803106.0,4661.7090876,0.5021362726343159,True,True,official_complete
2022,J,ИТ и связь,J,high,False,False,4130.302409603676,2545.135527567398,3488.209175512244,119.52417911817597,100.94305378854729,0.9430537885472887,118.40753239797152,18.407532397971522,100.94305378854729,118.40753239797152,1636.6,1636600.0,121262.40000000001,1455148.8,2381.49652608,0.5765913218709128,True,True,official_complete
2022,K,Финансы и страхование,K,high,False,True,6091.450371010724,5582.98711361476,6456.058423221829,96.4222111456628,102.19363050467412,2.1936305046741182,94.35246665520182,-5.647533344798177,102.19363050467412,94.35246665520182,1315.3,1315300.0,146637.1,1759645.2000000002,2314.46133156,0.37995242357625464,True,True,official_complete
2022,M,Профессиональные и научные услуги,M,high,True,False,6183.080211279621,3763.457862254107,4850.4527565800945,129.17653833411975,101.33536603733215,1.3353660373321503,127.47428995966803,27.474289959668027,101.33536603733215,127.47428995966803,2841.0,2841000.0,100842.8,1210113.6,3437.9327376000006,0.5560226650995528,True,True,official_complete
2023,B,Добыча полезных ископаемых,B,low,False,True,18703.73223757526,,15859.427711798084,98.60352643303942,98.20125027741867,-1.7987497225813343,100.40964463739954,0.4096446373995377,98.20125027741867,100.40964463739954,1217.6,1217600.0,131588.4,1579060.7999999998,1922.6644300799996,0.10279576320160434,True,True,official_complete
2023,C,Обрабатывающая промышленность,C,low_medium,False,True,22581.242162590584,,18648.308863223872,109.38577904442836,107.5708391487715,7.570839148771498,101.68720436692587,1.6872043669258687,107.57083914877148,101.68720436692587,10317.2,10317200.0,71855.1,862261.2000000001,8896.121252640001,0.39396066826553233,True,True,official_complete
2023,DE,Энергетика и ЖКХ,D+E,low,False,True,4290.824573159932,,3477.0131570362937,110.41485816791638,100.08526858563995,0.08526858563995177,110.32078919130612,10.320789191306119,200.24600165071615,222.1635435600699,2256.3,2256300.0,67675.1084563223,812101.3014758676,1832.34416652,0.42703777217594097,True,True,official_complete
2023,F,Строительство,F,low,False,True,8093.899070867941,,6568.1061369252575,114.75645405434585,109.51671554979868,9.516715549798676,104.78441896129051,4.784418961290513,109.51671554979868,104.78441896129051,6814.0,6814000.0,71707.0,860484.0,5863.337976,0.7244145157559088,True,True,official_complete
2023,H,Транспорт и логистика,H,medium,False,False,10847.430040470796,,7778.0279385287295,116.84315743065272,103.18846303902633,3.188463039026331,113.23277233663431,13.232772336634312,103.18846303902633,113.23277233663427,5899.3,5899300.0,76223.3,914679.6000000001,5395.96936428,0.4974421908367345,True,True,official_complete
2023,J,ИТ и связь,J,high,False,False,5287.974681915565,,3853.3157506339153,128.0287532849919,110.46687732160028,10.466877321600279,115.89786584829771,15.897865848297712,110.46687732160028,115.89786584829771,1756.5,1756500.0,136987.5,1643850.0,2887.422525,0.5460356183010379,True,True,official_complete
2023,K,Финансы и страхование,K,high,False,True,8172.103830230877,,7010.0075275470235,134.15694674493295,108.58029881409827,8.58029881409827,123.55551440747531,23.555514407475314,108.5802988140983,123.5555144074753,1304.8,1304800.0,170600.2,2047202.4000000001,2671.18969152,0.32686683221504464,True,True,official_complete
2023,M,Профессиональные и научные услуги,M,high,True,False,7645.644183382452,,5160.032819950558,123.65429401085105,106.38249827194977,6.382498271949771,116.23556131831828,16.235561318318275,106.38249827194977,116.23556131831828,2957.8,2957800.0,108252.8,1299033.6,3842.2815820800006,0.5025451734245061,True,True,official_complete
2024,B,Добыча полезных ископаемых,B,low,False,True,22455.017039232367,,15774.605224934121,120.05634358965472,99.46516048116376,-0.534839518836236,120.70190507800007,20.701905078000067,99.46516048116375,120.70190507800007,1234.1,1234100.0,156081.79999999996,1872981.5999999996,2311.4465925599993,0.10293675522586096,True,True,official_complete
2024,C,Обрабатывающая промышленность,C,low_medium,False,True,26836.134537186135,,20265.120013398388,118.84259662935838,108.67001486318692,8.670014863186921,109.36098313686486,9.36098313686486,108.67001486318692,109.36098313686486,10571.2,10571200.0,87974.7,1055696.4,11159.97778368,0.415856380814305,True,True,official_complete
2024,DE,Энергетика и ЖКХ,D+E,low,False,True,4868.794419474021,,3563.8976423751683,113.46990156459485,102.49882532549668,2.498825325496682,110.70361167970293,10.70361167970293,206.52430851805192,217.51464467896727,2190.5,2190500.0,79455.20054782013,953462.4065738416,2088.5594016,0.4289684923327751,True,True,official_complete
2024,F,Строительство,F,low,False,True,9345.761480454275,,6966.830090239249,115.46674104316563,106.07060764551908,6.070607645519075,108.85837613851312,8.858376138513123,106.07060764551906,108.85837613851315,6816.0,6816000.0,85606.3,1027275.6000000001,7001.910489600001,0.7492070607883365,True,True,official_complete
2024,H,Транспорт и логистика,H,medium,False,False,12483.750846118983,,8169.0976228986565,115.08487079006935,105.027877084791,5.027877084791001,109.5755469732661,9.5755469732661,105.027877084791,109.5755469732661,5917.1,5917100.0,90120.3,1081443.6,6399.009925560001,0.5125871226074141,True,True,official_complete
2024,J,ИТ и связь,J,high,False,False,6642.288495110908,,4320.836905391288,125.61120078405412,112.13295730256365,12.132957302563653,112.01987694404838,12.019876944048377,112.13295730256365,112.01987694404838,1890.6,1890600.0,166037.1,1992445.2000000002,3766.91689512,0.5671113047698334,True,True,official_complete
2024,K,Финансы и страхование,K,high,False,True,9210.333696751528,,8713.851492415186,112.7045603933708,124.30587924724212,24.305879247242117,90.66711974998664,-9.33288025001336,124.30587924724212,90.66711974998664,1276.3,1276300.0,205974.0,2471688.0,3154.6153944,0.34250826281273916,True,True,official_complete
2024,M,Профессиональные и научные услуги,M,high,True,False,9027.867797603647,,5505.617062554517,118.07857625947871,106.69732644466534,6.697326444665336,110.66685566926162,10.666855669261622,106.69732644466534,110.66685566926162,2977.7,2977700.0,127206.70000000001,1526480.4000000001,4545.40068708,0.5034855171767723,True,True,official_complete
2025,B,Добыча полезных ископаемых,B,low,False,True,18638.423828052848,,15506.838582808361,83.0033831436808,98.30254616006165,-1.6974538399383476,84.43665641023182,-15.56334358976818,98.30254616006165,84.43665641023182,,,,,,,False,True,official_partial
2025,C,Обрабатывающая промышленность,C,low_medium,False,True,29216.470511296604,,21059.40895023054,108.86989134300285,103.91948794927937,3.9194879492793717,104.76369109530222,4.763691095302221,103.91948794927939,104.76369109530219,,,,,,,False,True,official_partial
2025,DE,Энергетика и ЖКХ,D+E,low,False,True,5493.913406194343,,3493.80549378487,112.83929722355896,98.0332726799756,-1.966727320024404,115.10306056181237,15.10306056181237,194.7595026242018,224.85438325746637,,,,,,,False,True,official_partial
2025,F,Строительство,F,low,False,True,10356.739900865825,,7154.772868164477,110.81750719324378,102.69767994182233,2.6976799418223294,107.90653426252791,7.906534262527913,102.69767994182233,107.90653426252797,,,,,,,False,True,official_partial
2025,H,Транспорт и логистика,H,medium,False,False,13953.864220573441,,8197.810549350943,111.77621527837121,100.35148222946684,0.35148222946683916,111.38471778900107,11.384717789001073,100.35148222946684,111.38471778900107,,,,,,,False,True,official_partial
2025,J,ИТ и связь,J,high,False,False,7529.933022572967,,4415.424299080419,113.36353469313197,102.1890989120906,2.1890989120906,110.93505657648896,10.935056576488961,102.1890989120906,110.93505657648896,,,,,,,False,True,official_partial
2025,K,Финансы и страхование,K,high,False,True,9672.448393407722,,9049.167517336622,105.01735020544567,103.84808055557644,3.848080555576445,101.12594247636908,1.125942476369076,103.84808055557644,101.12594247636908,,,,,,,False,True,official_partial
2025,M,Профессиональные и научные услуги,M,high,True,False,9767.675247430605,,5423.411866623613,108.19470850053135,98.5068849686258,-1.4931150313742023,109.83466641442483,9.83466641442483,98.50688496862577,109.83466641442487,,,,,,,False,True,official_partial
