country_iso3,sector_id,sector_name_ru,ai_intensity,is_proxy_mn,staffing_proxy_exact,labour_share_start,benchmark_core_ready_start,labour_share_end,benchmark_core_ready_end,n_years_with_labour_share,first_available_year,last_available_year,delta_tc_long,delta_tc_annualized,task_shift_direction,is_full_window,benchmark_core_pair,window
AUT,B,Добыча полезных ископаемых,low,False,True,0.492308959960938,True,0.285347843170166,True,11,1995,2005,-0.206961116790772,-0.0206961116790772,task_displacing,True,True,1995-2005
BEL,B,Добыча полезных ископаемых,low,False,True,0.471775360107422,True,0.47992618560791,True,11,1995,2005,0.008150825500488013,0.0008150825500488013,task_creating,True,True,1995-2005
BGR,B,Добыча полезных ископаемых,low,False,True,0.334975395202637,False,0.383789329528809,False,11,1995,2005,0.04881393432617198,0.0048813934326171985,task_creating,True,False,1995-2005
CYP,B,Добыча полезных ископаемых,low,False,True,0.6410342407226559,False,0.394999885559082,False,11,1995,2005,-0.24603435516357391,-0.02460343551635739,task_displacing,True,False,1995-2005
CZE,B,Добыча полезных ископаемых,low,False,True,0.521624526977539,True,0.505947990417481,True,11,1995,2005,-0.015676536560058074,-0.0015676536560058074,task_displacing,True,True,1995-2005
DEU,B,Добыча полезных ископаемых,low,False,True,0.8375502777099609,True,0.77337272644043,True,11,1995,2005,-0.06417755126953095,-0.006417755126953095,task_displacing,True,True,1995-2005
DNK,B,Добыча полезных ископаемых,low,False,True,0.180103073120117,False,0.0361450743675232,False,11,1995,2005,-0.1439579987525938,-0.01439579987525938,task_displacing,True,False,1995-2005
ESP,B,Добыча полезных ископаемых,low,False,True,0.542997169494629,True,0.524182319641113,True,11,1995,2005,-0.018814849853516002,-0.0018814849853516003,task_displacing,True,True,1995-2005
EST,B,Добыча полезных ископаемых,low,False,True,0.738660888671875,False,0.535452194213867,False,11,1995,2005,-0.20320869445800793,-0.020320869445800794,task_displacing,True,False,1995-2005
FIN,B,Добыча полезных ископаемых,low,False,True,0.545303573608399,False,0.583701324462891,False,11,1995,2005,0.03839775085449204,0.0038397750854492043,task_creating,True,False,1995-2005
FRA,B,Добыча полезных ископаемых,low,False,True,0.501406288146973,True,0.4763541412353519,True,11,1995,2005,-0.025052146911621054,-0.0025052146911621054,task_displacing,True,True,1995-2005
GBR,B,Добыча полезных ископаемых,low,False,True,0.1454312950476633,True,0.1338940412270491,True,11,1995,2005,-0.011537253820614213,-0.0011537253820614213,task_displacing,True,True,1995-2005
GRC,B,Добыча полезных ископаемых,low,False,True,0.7425331115722661,True,0.6501615905761721,True,11,1995,2005,-0.09237152099609403,-0.009237152099609403,task_displacing,True,True,1995-2005
HRV,B,Добыча полезных ископаемых,low,False,True,0.56973258972168,False,0.5002458953857419,False,11,1995,2005,-0.06948669433593802,-0.006948669433593802,task_displacing,True,False,1995-2005
HUN,B,Добыча полезных ископаемых,low,False,True,0.746867370605469,True,0.501620903015137,True,11,1995,2005,-0.24524646759033208,-0.02452464675903321,task_displacing,True,True,1995-2005
IRL,B,Добыча полезных ископаемых,low,False,True,0.633345184326172,False,0.573612480163574,False,11,1995,2005,-0.059732704162598016,-0.005973270416259802,task_displacing,True,False,1995-2005
ITA,B,Добыча полезных ископаемых,low,False,True,0.176735515594482,True,0.223514785766602,True,11,1995,2005,0.04677927017212,0.004677927017211999,task_creating,True,True,1995-2005
JPN,B,Добыча полезных ископаемых,low,False,True,0.5122005479432734,False,0.6819871134353047,False,11,1995,2005,0.1697865654920313,0.01697865654920313,task_creating,True,False,1995-2005
LTU,B,Добыча полезных ископаемых,low,False,True,0.304347820281982,False,0.298934020996094,False,11,1995,2005,-0.005413799285887977,-0.0005413799285887977,task_displacing,True,False,1995-2005
LUX,B,Добыча полезных ископаемых,low,False,True,0.521507034301758,False,0.499136657714844,False,11,1995,2005,-0.022370376586914043,-0.0022370376586914043,task_displacing,True,False,1995-2005
LVA,B,Добыча полезных ископаемых,low,False,True,0.685922470092774,False,0.480938415527344,False,11,1995,2005,-0.20498405456542995,-0.020498405456542995,task_displacing,True,False,1995-2005
NLD,B,Добыча полезных ископаемых,low,False,True,0.108134822845459,True,0.0598880243301392,True,11,1995,2005,-0.0482467985153198,-0.0048246798515319805,task_displacing,True,True,1995-2005
POL,B,Добыча полезных ископаемых,low,False,True,0.846069641113281,False,0.584845123291016,False,11,1995,2005,-0.26122451782226497,-0.026122451782226497,task_displacing,True,False,1995-2005
PRT,B,Добыча полезных ископаемых,low,False,True,0.328927268981934,False,0.415000190734863,False,11,1995,2005,0.08607292175292902,0.008607292175292902,task_creating,True,False,1995-2005
ROU,B,Добыча полезных ископаемых,low,False,True,0.637490768432617,False,0.842799606323242,False,11,1995,2005,0.20530883789062504,0.020530883789062503,task_creating,True,False,1995-2005
SVK,B,Добыча полезных ископаемых,low,False,True,0.538872108459473,False,0.393372840881348,False,11,1995,2005,-0.14549926757812498,-0.014549926757812498,task_displacing,True,False,1995-2005
SVN,B,Добыча полезных ископаемых,low,False,True,0.942458953857422,False,0.781363983154297,True,11,1995,2005,-0.16109497070312495,-0.016109497070312496,task_displacing,True,False,1995-2005
SWE,B,Добыча полезных ископаемых,low,False,True,0.49806884765625,False,0.276647567749023,False,11,1995,2005,-0.221421279907227,-0.0221421279907227,task_displacing,True,False,1995-2005
AUT,C,Обрабатывающая промышленность,low_medium,False,True,0.6547262573242191,True,0.563804931640625,True,11,1995,2005,-0.09092132568359412,-0.009092132568359413,task_displacing,True,True,1995-2005
BEL,C,Обрабатывающая промышленность,low_medium,False,True,0.685810852050781,True,0.622991142272949,True,11,1995,2005,-0.06281970977783191,-0.006281970977783191,task_displacing,True,True,1995-2005
BGR,C,Обрабатывающая промышленность,low_medium,False,True,0.699264297485352,False,0.540557060241699,False,11,1995,2005,-0.158707237243653,-0.0158707237243653,task_displacing,True,False,1995-2005
CYP,C,Обрабатывающая промышленность,low_medium,False,True,0.495741882324219,False,0.733537673950195,False,11,1995,2005,0.23779579162597597,0.023779579162597597,task_creating,True,False,1995-2005
CZE,C,Обрабатывающая промышленность,low_medium,False,True,0.537354698181152,True,0.563669738769531,True,11,1995,2005,0.02631504058837897,0.002631504058837897,task_creating,True,True,1995-2005
DEU,C,Обрабатывающая промышленность,low_medium,False,True,0.7515732574462891,True,0.698311233520508,True,11,1995,2005,-0.053262023925781166,-0.005326202392578116,task_displacing,True,True,1995-2005
DNK,C,Обрабатывающая промышленность,low_medium,False,True,0.665803451538086,True,0.660946807861328,True,11,1995,2005,-0.004856643676757977,-0.0004856643676757977,task_displacing,True,True,1995-2005
ESP,C,Обрабатывающая промышленность,low_medium,False,True,0.684782485961914,True,0.631915817260742,True,11,1995,2005,-0.05286666870117207,-0.005286666870117207,task_displacing,True,True,1995-2005
EST,C,Обрабатывающая промышленность,low_medium,False,True,0.65968147277832,False,0.62602970123291,True,11,1995,2005,-0.03365177154540999,-0.0033651771545409994,task_displacing,True,False,1995-2005
FIN,C,Обрабатывающая промышленность,low_medium,False,True,0.547333602905274,True,0.507994079589844,True,11,1995,2005,-0.03933952331543,-0.003933952331543001,task_displacing,True,True,1995-2005
FRA,C,Обрабатывающая промышленность,low_medium,False,True,0.667966232299805,True,0.6491957855224609,True,11,1995,2005,-0.018770446777344074,-0.0018770446777344075,task_displacing,True,True,1995-2005
GBR,C,Обрабатывающая промышленность,low_medium,False,True,0.5981132075471698,True,0.705717256473086,True,11,1995,2005,0.10760404892591624,0.010760404892591623,task_creating,True,True,1995-2005
GRC,C,Обрабатывающая промышленность,low_medium,False,True,0.633044853210449,True,0.572232093811035,True,11,1995,2005,-0.060812759399413996,-0.0060812759399414,task_displacing,True,True,1995-2005
HRV,C,Обрабатывающая промышленность,low_medium,False,True,0.495484428405762,False,0.6542002105712891,False,11,1995,2005,0.15871578216552706,0.015871578216552707,task_creating,True,False,1995-2005
HUN,C,Обрабатывающая промышленность,low_medium,False,True,0.616800918579102,True,0.505852966308594,True,11,1995,2005,-0.11094795227050802,-0.011094795227050803,task_displacing,True,True,1995-2005
IRL,C,Обрабатывающая промышленность,low_medium,False,True,0.473956604003906,False,0.308937664031982,False,11,1995,2005,-0.16501893997192402,-0.0165018939971924,task_displacing,True,False,1995-2005
ITA,C,Обрабатывающая промышленность,low_medium,False,True,0.608995819091797,True,0.650133209228516,True,11,1995,2005,0.04113739013671902,0.004113739013671902,task_creating,True,True,1995-2005
JPN,C,Обрабатывающая промышленность,low_medium,False,True,0.5462113579927558,False,0.5153081258508911,False,11,1995,2005,-0.030903232141864634,-0.0030903232141864636,task_displacing,True,False,1995-2005
LTU,C,Обрабатывающая промышленность,low_medium,False,True,0.530106201171875,False,0.491701126098633,False,11,1995,2005,-0.038405075073242034,-0.0038405075073242034,task_displacing,True,False,1995-2005
LUX,C,Обрабатывающая промышленность,low_medium,False,True,0.6606040191650391,True,0.6858531188964839,True,11,1995,2005,0.025249099731444846,0.002524909973144485,task_creating,True,True,1995-2005
LVA,C,Обрабатывающая промышленность,low_medium,False,True,0.515390777587891,False,0.544455871582031,False,11,1995,2005,0.029065093994140034,0.0029065093994140034,task_creating,True,False,1995-2005
MLT,C,Обрабатывающая промышленность,low_medium,False,True,0.6133454132080081,False,0.634261474609375,False,11,1995,2005,0.020916061401366925,0.0020916061401366924,task_creating,True,False,1995-2005
NLD,C,Обрабатывающая промышленность,low_medium,False,True,0.5836013793945309,True,0.5346169662475591,True,11,1995,2005,-0.048984413146971884,-0.004898441314697188,task_displacing,True,True,1995-2005
POL,C,Обрабатывающая промышленность,low_medium,False,True,0.564491882324219,False,0.513191337585449,False,11,1995,2005,-0.05130054473876999,-0.0051300544738769995,task_displacing,True,False,1995-2005
PRT,C,Обрабатывающая промышленность,low_medium,False,True,0.6599240112304691,False,0.634408531188965,False,11,1995,2005,-0.025515480041504057,-0.0025515480041504056,task_displacing,True,False,1995-2005
ROU,C,Обрабатывающая промышленность,low_medium,False,True,0.534756546020508,False,0.523751602172852,False,11,1995,2005,-0.011004943847656046,-0.0011004943847656046,task_displacing,True,False,1995-2005
SVK,C,Обрабатывающая промышленность,low_medium,False,True,0.58903018951416,False,0.483870124816895,False,11,1995,2005,-0.10516006469726497,-0.010516006469726497,task_displacing,True,False,1995-2005
SVN,C,Обрабатывающая промышленность,low_medium,False,True,0.81391471862793,False,0.654837799072266,True,11,1995,2005,-0.15907691955566394,-0.015907691955566395,task_displacing,True,False,1995-2005
SWE,C,Обрабатывающая промышленность,low_medium,False,True,0.471307334899902,True,0.489979858398438,True,11,1995,2005,0.018672523498535987,0.0018672523498535986,task_creating,True,True,1995-2005
AUT,DE,Энергетика и ЖКХ,low,False,True,0.380014442302321,True,0.3143580832252718,True,11,1995,2005,-0.0656563590770492,-0.00656563590770492,task_displacing,True,True,1995-2005
BEL,DE,Энергетика и ЖКХ,low,False,True,0.3736806546167062,True,0.4117612538706446,True,11,1995,2005,0.03808059925393842,0.0038080599253938418,task_creating,True,True,1995-2005
BGR,DE,Энергетика и ЖКХ,low,False,True,0.5427872844672809,False,0.424823794192108,False,11,1995,2005,-0.11796349027517289,-0.011796349027517288,task_displacing,True,False,1995-2005
CYP,DE,Энергетика и ЖКХ,low,False,True,0.314728670342024,False,0.332817914230392,False,11,1995,2005,0.018089243888367967,0.0018089243888367967,task_creating,True,False,1995-2005
CZE,DE,Энергетика и ЖКХ,low,False,True,0.2155624156895299,True,0.2764815881457168,True,11,1995,2005,0.06091917245618686,0.006091917245618686,task_creating,True,True,1995-2005
DEU,DE,Энергетика и ЖКХ,low,False,True,0.4754387438072046,True,0.3823699852641687,True,11,1995,2005,-0.09306875854303587,-0.009306875854303587,task_displacing,True,True,1995-2005
DNK,DE,Энергетика и ЖКХ,low,False,True,0.2477017177599531,True,0.2198484558360915,True,11,1995,2005,-0.02785326192386159,-0.002785326192386159,task_displacing,True,True,1995-2005
ESP,DE,Энергетика и ЖКХ,low,False,True,0.2570924592091724,True,0.2821605942073573,True,11,1995,2005,0.025068134998184888,0.0025068134998184888,task_creating,True,True,1995-2005
EST,DE,Энергетика и ЖКХ,low,False,True,0.6429378703489141,False,0.2973865157472382,False,11,1995,2005,-0.34555135460167596,-0.0345551354601676,task_displacing,True,False,1995-2005
FIN,DE,Энергетика и ЖКХ,low,False,True,0.2894345238095238,True,0.2840845854201447,True,11,1995,2005,-0.005349938389379083,-0.0005349938389379083,task_displacing,True,True,1995-2005
FRA,DE,Энергетика и ЖКХ,low,False,True,0.3583282508907649,True,0.3411910966600521,True,11,1995,2005,-0.017137154230712826,-0.0017137154230712826,task_displacing,True,True,1995-2005
GBR,DE,Энергетика и ЖКХ,low,False,True,0.2703014416775884,True,0.3652708325380769,True,11,1995,2005,0.0949693908604885,0.00949693908604885,task_creating,True,True,1995-2005
GRC,DE,Энергетика и ЖКХ,low,False,True,0.3443834806860991,True,0.3205432581606823,True,11,1995,2005,-0.023840222525416788,-0.002384022252541679,task_displacing,True,True,1995-2005
HRV,DE,Энергетика и ЖКХ,low,False,True,0.4179342661020664,False,0.4590403300286489,False,11,1995,2005,0.0411060639265825,0.004110606392658251,task_creating,True,False,1995-2005
HUN,DE,Энергетика и ЖКХ,low,False,True,0.7011111989430059,True,0.4536169735953508,True,11,1995,2005,-0.24749422534765508,-0.02474942253476551,task_displacing,True,True,1995-2005
IRL,DE,Энергетика и ЖКХ,low,False,True,0.4008284105969931,False,0.3694357442113603,False,11,1995,2005,-0.03139266638563282,-0.0031392666385632816,task_displacing,True,False,1995-2005
ITA,DE,Энергетика и ЖКХ,low,False,True,0.4199238027504246,True,0.3365691797664689,True,11,1995,2005,-0.08335462298395574,-0.008335462298395574,task_displacing,True,True,1995-2005
LTU,DE,Энергетика и ЖКХ,low,False,True,0.4641316390754721,False,0.3560625104140387,False,11,1995,2005,-0.10806912866143342,-0.010806912866143343,task_displacing,True,False,1995-2005
LUX,DE,Энергетика и ЖКХ,low,False,True,0.5144635549614195,True,0.4464023444567032,True,11,1995,2005,-0.06806121050471631,-0.00680612105047163,task_displacing,True,True,1995-2005
LVA,DE,Энергетика и ЖКХ,low,False,True,0.347432013491658,False,0.4882588603660047,False,11,1995,2005,0.1408268468743467,0.014082684687434672,task_creating,True,False,1995-2005
NLD,DE,Энергетика и ЖКХ,low,False,True,0.357720891824938,True,0.3638727982030973,True,11,1995,2005,0.006151906378159322,0.0006151906378159322,task_creating,True,True,1995-2005
POL,DE,Энергетика и ЖКХ,low,False,True,0.4174406180652585,False,0.366863264974839,False,11,1995,2005,-0.0505773530904195,-0.00505773530904195,task_displacing,True,False,1995-2005
PRT,DE,Энергетика и ЖКХ,low,False,True,0.2372155178875223,False,0.2740971876647865,False,11,1995,2005,0.03688166977726423,0.003688166977726423,task_creating,True,False,1995-2005
ROU,DE,Энергетика и ЖКХ,low,False,True,0.5819911892226038,False,0.5405605801894585,False,11,1995,2005,-0.04143060903314533,-0.004143060903314533,task_displacing,True,False,1995-2005
SVK,DE,Энергетика и ЖКХ,low,False,True,0.297989012974643,False,0.2658369377996613,False,11,1995,2005,-0.0321520751749817,-0.0032152075174981696,task_displacing,True,False,1995-2005
SVN,DE,Энергетика и ЖКХ,low,False,True,0.5560708077296702,False,0.4146885224179554,True,11,1995,2005,-0.14138228531171482,-0.014138228531171481,task_displacing,True,False,1995-2005
SWE,DE,Энергетика и ЖКХ,low,False,True,0.1961932104174046,True,0.2183902372814432,True,11,1995,2005,0.0221970268640386,0.00221970268640386,task_creating,True,True,1995-2005
AUT,F,Строительство,low,False,True,0.68384391784668,True,0.5954936599731451,True,11,1995,2005,-0.0883502578735349,-0.00883502578735349,task_displacing,True,True,1995-2005
BEL,F,Строительство,low,False,True,0.787876586914063,True,0.7481374359130859,True,11,1995,2005,-0.039739151000977135,-0.003973915100097714,task_displacing,True,True,1995-2005
BGR,F,Строительство,low,False,True,0.823315353393555,False,0.349384117126465,False,11,1995,2005,-0.47393123626709,-0.047393123626709,task_displacing,True,False,1995-2005
CYP,F,Строительство,low,False,True,0.518053283691406,False,0.58383430480957,False,11,1995,2005,0.06578102111816397,0.006578102111816397,task_creating,True,False,1995-2005
CZE,F,Строительство,low,False,True,0.746244888305664,True,0.700484008789063,True,11,1995,2005,-0.045760879516601016,-0.004576087951660102,task_displacing,True,True,1995-2005
DEU,F,Строительство,low,False,True,0.8917678070068359,True,0.878698883056641,True,11,1995,2005,-0.013068923950194877,-0.0013068923950194876,task_displacing,True,True,1995-2005
DNK,F,Строительство,low,False,True,0.9161997222900392,True,0.8420468902587891,True,11,1995,2005,-0.07415283203125012,-0.0074152832031250115,task_displacing,True,True,1995-2005
ESP,F,Строительство,low,False,True,0.5888846206665039,True,0.5734876251220701,True,11,1995,2005,-0.015396995544433856,-0.0015396995544433856,task_displacing,True,True,1995-2005
EST,F,Строительство,low,False,True,0.6657171630859381,False,0.551923027038574,True,11,1995,2005,-0.1137941360473641,-0.01137941360473641,task_displacing,True,False,1995-2005
FIN,F,Строительство,low,False,True,0.939635009765625,True,0.8513026428222661,True,11,1995,2005,-0.08833236694335889,-0.008833236694335889,task_displacing,True,True,1995-2005
FRA,F,Строительство,low,False,True,0.985791397094727,True,0.936884078979492,True,11,1995,2005,-0.048907318115234966,-0.0048907318115234966,task_displacing,True,True,1995-2005
GBR,F,Строительство,low,False,True,0.4510805970149253,True,0.456425944134892,True,11,1995,2005,0.0053453471199667035,0.0005345347119966703,task_creating,True,True,1995-2005
GRC,F,Строительство,low,False,True,0.412095718383789,True,0.458759727478027,True,11,1995,2005,0.04666400909423801,0.004666400909423801,task_creating,True,True,1995-2005
HRV,F,Строительство,low,False,True,0.810793914794922,False,0.851107940673828,False,11,1995,2005,0.04031402587890598,0.004031402587890598,task_creating,True,False,1995-2005
HUN,F,Строительство,low,False,True,0.6629685211181641,True,0.6646836853027339,True,11,1995,2005,0.0017151641845698506,0.00017151641845698508,task_creating,True,True,1995-2005
IRL,F,Строительство,low,False,True,0.83151481628418,False,0.810385894775391,False,11,1995,2005,-0.021128921508788978,-0.002112892150878898,task_displacing,True,False,1995-2005
ITA,F,Строительство,low,False,True,0.644908981323242,True,0.667467880249023,True,11,1995,2005,0.022558898925781,0.0022558898925781,task_creating,True,True,1995-2005
JPN,F,Строительство,low,False,True,0.857476064864855,False,0.9495820470034826,False,11,1995,2005,0.09210598213862764,0.009210598213862765,task_creating,True,False,1995-2005
LTU,F,Строительство,low,False,True,0.696780548095703,False,0.576466636657715,False,11,1995,2005,-0.12031391143798797,-0.012031391143798798,task_displacing,True,False,1995-2005
LUX,F,Строительство,low,False,True,0.7859262084960941,True,0.8149227905273441,True,11,1995,2005,0.028996582031249996,0.0028996582031249997,task_creating,True,True,1995-2005
LVA,F,Строительство,low,False,True,0.61326587677002,False,0.607720832824707,False,11,1995,2005,-0.005545043945312966,-0.0005545043945312967,task_displacing,True,False,1995-2005
MLT,F,Строительство,low,False,True,0.543613166809082,False,0.423049163818359,False,11,1995,2005,-0.12056400299072301,-0.0120564002990723,task_displacing,True,False,1995-2005
NLD,F,Строительство,low,False,True,0.940938873291016,True,0.960142211914063,True,11,1995,2005,0.019203338623047017,0.0019203338623047018,task_creating,True,True,1995-2005
POL,F,Строительство,low,False,True,0.382602996826172,False,0.395407752990723,False,11,1995,2005,0.012804756164551012,0.0012804756164551013,task_creating,True,False,1995-2005
PRT,F,Строительство,low,False,True,0.6543166351318359,False,0.752024002075195,False,11,1995,2005,0.09770736694335913,0.009770736694335914,task_creating,True,False,1995-2005
ROU,F,Строительство,low,False,True,0.512695274353027,False,0.476034851074219,False,11,1995,2005,-0.036660423278807974,-0.0036660423278807976,task_displacing,True,False,1995-2005
SVK,F,Строительство,low,False,True,0.8042877197265631,False,0.619229774475098,False,11,1995,2005,-0.18505794525146513,-0.018505794525146512,task_displacing,True,False,1995-2005
SVN,F,Строительство,low,False,True,0.704819030761719,False,0.639236526489258,True,11,1995,2005,-0.06558250427246104,-0.006558250427246104,task_displacing,True,False,1995-2005
SWE,F,Строительство,low,False,True,0.8297129821777349,True,0.761665420532227,True,11,1995,2005,-0.06804756164550796,-0.006804756164550796,task_displacing,True,True,1995-2005
AUT,H,Транспорт и логистика,medium,False,False,0.76866340637207,True,0.624048500061035,True,11,1995,2005,-0.14461490631103502,-0.014461490631103502,task_displacing,True,True,1995-2005
BEL,H,Транспорт и логистика,medium,False,False,0.674067306518555,False,0.665795364379883,True,11,1995,2005,-0.008271942138671995,-0.0008271942138671995,task_displacing,True,False,1995-2005
BGR,H,Транспорт и логистика,medium,False,False,0.7607254028320309,False,0.564365005493164,False,11,1995,2005,-0.1963603973388669,-0.01963603973388669,task_displacing,True,False,1995-2005
CYP,H,Транспорт и логистика,medium,False,False,0.359036445617676,False,0.52928653717041,False,11,1995,2005,0.17025009155273396,0.017025009155273396,task_creating,True,False,1995-2005
CZE,H,Транспорт и логистика,medium,False,False,0.427429351806641,True,0.528745841979981,True,11,1995,2005,0.10131649017333999,0.010131649017333998,task_creating,True,True,1995-2005
DEU,H,Транспорт и логистика,medium,False,False,0.906660919189453,True,0.647929153442383,True,11,1995,2005,-0.25873176574707,-0.025873176574707002,task_displacing,True,True,1995-2005
DNK,H,Транспорт и логистика,medium,False,False,0.6429697418212891,True,0.5251293563842769,True,11,1995,2005,-0.11784038543701214,-0.011784038543701214,task_displacing,True,True,1995-2005
ESP,H,Транспорт и логистика,medium,False,False,0.795778884887695,True,0.751638336181641,True,11,1995,2005,-0.044140548706053995,-0.004414054870605399,task_displacing,True,True,1995-2005
EST,H,Транспорт и логистика,medium,False,False,0.799202423095703,False,0.5240819549560549,True,11,1995,2005,-0.2751204681396481,-0.027512046813964807,task_displacing,True,False,1995-2005
FIN,H,Транспорт и логистика,medium,False,False,0.648884124755859,True,0.645702056884766,True,11,1995,2005,-0.003182067871092986,-0.0003182067871092986,task_displacing,True,True,1995-2005
FRA,H,Транспорт и логистика,medium,False,False,0.883799667358399,True,0.8185610961914059,True,11,1995,2005,-0.06523857116699305,-0.006523857116699306,task_displacing,True,True,1995-2005
GBR,H,Транспорт и логистика,medium,False,False,0.705208123868892,True,0.731964907705776,True,11,1995,2005,0.026756783836884068,0.002675678383688407,task_creating,True,True,1995-2005
GRC,H,Транспорт и логистика,medium,False,False,0.7688528442382809,False,0.483092498779297,True,11,1995,2005,-0.28576034545898393,-0.028576034545898393,task_displacing,True,False,1995-2005
HRV,H,Транспорт и логистика,medium,False,False,0.656865539550781,False,0.7938852691650391,False,11,1995,2005,0.13701972961425812,0.013701972961425812,task_creating,True,False,1995-2005
HUN,H,Транспорт и логистика,medium,False,False,0.767866592407227,True,0.7648317718505859,True,11,1995,2005,-0.00303482055664106,-0.000303482055664106,task_displacing,True,True,1995-2005
IRL,H,Транспорт и логистика,medium,False,False,0.832148056030274,False,0.8024871826171881,False,11,1995,2005,-0.029660873413085875,-0.0029660873413085874,task_displacing,True,False,1995-2005
ITA,H,Транспорт и логистика,medium,False,False,0.736554870605469,True,0.630250663757324,True,11,1995,2005,-0.10630420684814501,-0.010630420684814502,task_displacing,True,True,1995-2005
JPN,H,Транспорт и логистика,medium,False,False,0.7181212916416484,False,0.6394367900166801,False,11,1995,2005,-0.07868450162496832,-0.007868450162496831,task_displacing,True,False,1995-2005
LTU,H,Транспорт и логистика,medium,False,False,0.481238174438477,False,0.346752510070801,False,11,1995,2005,-0.134485664367676,-0.0134485664367676,task_displacing,True,False,1995-2005
LUX,H,Транспорт и логистика,medium,False,False,0.759875564575195,False,0.729609756469727,True,11,1995,2005,-0.030265808105467973,-0.0030265808105467973,task_displacing,True,False,1995-2005
LVA,H,Транспорт и логистика,medium,False,False,0.594672050476074,False,0.4229990386962889,False,11,1995,2005,-0.17167301177978506,-0.017167301177978506,task_displacing,True,False,1995-2005
MLT,H,Транспорт и логистика,medium,False,False,0.551996574401856,False,0.6891895294189451,False,11,1995,2005,0.13719295501708906,0.013719295501708906,task_creating,True,False,1995-2005
NLD,H,Транспорт и логистика,medium,False,False,0.729618682861328,True,0.690815048217774,True,11,1995,2005,-0.038803634643554075,-0.0038803634643554074,task_displacing,True,True,1995-2005
POL,H,Транспорт и логистика,medium,False,False,0.780764846801758,False,0.488932304382324,False,11,1995,2005,-0.29183254241943396,-0.029183254241943395,task_displacing,True,False,1995-2005
PRT,H,Транспорт и логистика,medium,False,False,0.659133911132813,False,0.665988235473633,False,11,1995,2005,0.006854324340819895,0.0006854324340819895,task_creating,True,False,1995-2005
ROU,H,Транспорт и логистика,medium,False,False,0.671119613647461,False,0.430553588867188,False,11,1995,2005,-0.240566024780273,-0.0240566024780273,task_displacing,True,False,1995-2005
SVK,H,Транспорт и логистика,medium,False,False,0.65697998046875,False,0.514794502258301,False,11,1995,2005,-0.1421854782104489,-0.014218547821044892,task_displacing,True,False,1995-2005
SVN,H,Транспорт и логистика,medium,False,False,0.902171325683594,False,0.688917083740234,True,11,1995,2005,-0.21325424194336007,-0.021325424194336008,task_displacing,True,False,1995-2005
SWE,H,Транспорт и логистика,medium,False,False,0.6026613998413091,True,0.549745330810547,True,11,1995,2005,-0.05291606903076207,-0.005291606903076207,task_displacing,True,True,1995-2005
AUT,J,ИТ и связь,high,False,False,0.567588844299316,True,0.645076599121094,True,11,1995,2005,0.07748775482177805,0.007748775482177806,task_creating,True,True,1995-2005
BEL,J,ИТ и связь,high,False,False,0.560660591125488,False,0.5549241638183591,True,11,1995,2005,-0.005736427307128977,-0.0005736427307128977,task_displacing,True,False,1995-2005
BGR,J,ИТ и связь,high,False,False,0.3690270233154299,False,0.28263879776001,False,11,1995,2005,-0.08638822555541992,-0.008638822555541992,task_displacing,True,False,1995-2005
CYP,J,ИТ и связь,high,False,False,0.5202658081054691,False,0.509656715393066,False,11,1995,2005,-0.010609092712403068,-0.0010609092712403068,task_displacing,True,False,1995-2005
CZE,J,ИТ и связь,high,False,False,0.4384793853759769,True,0.4448290252685549,True,11,1995,2005,0.006349639892577974,0.0006349639892577974,task_creating,True,True,1995-2005
DEU,J,ИТ и связь,high,False,False,0.576308364868164,True,0.6029476928710941,True,11,1995,2005,0.02663932800293012,0.002663932800293012,task_creating,True,True,1995-2005
DNK,J,ИТ и связь,high,False,False,0.6120388793945309,True,0.694250411987305,True,11,1995,2005,0.08221153259277403,0.008221153259277404,task_creating,True,True,1995-2005
ESP,J,ИТ и связь,high,False,False,0.616963195800781,True,0.530954475402832,True,11,1995,2005,-0.08600872039794893,-0.008600872039794894,task_displacing,True,True,1995-2005
EST,J,ИТ и связь,high,False,False,0.41051929473877,False,0.429937362670898,True,11,1995,2005,0.01941806793212797,0.001941806793212797,task_creating,True,False,1995-2005
FIN,J,ИТ и связь,high,False,False,0.635726280212402,True,0.599677772521973,True,11,1995,2005,-0.036048507690429,-0.0036048507690429,task_displacing,True,True,1995-2005
FRA,J,ИТ и связь,high,False,False,0.572769203186035,True,0.593743133544922,True,11,1995,2005,0.02097393035888706,0.002097393035888706,task_creating,True,True,1995-2005
GBR,J,ИТ и связь,high,False,False,0.5874060920639257,True,0.6079169869331283,True,11,1995,2005,0.020510894869202656,0.0020510894869202657,task_creating,True,True,1995-2005
GRC,J,ИТ и связь,high,False,False,0.837574234008789,False,0.845346374511719,True,11,1995,2005,0.007772140502929958,0.0007772140502929958,task_creating,True,False,1995-2005
HRV,J,ИТ и связь,high,False,False,0.570207138061524,False,0.4734252166748049,False,11,1995,2005,-0.0967819213867191,-0.00967819213867191,task_displacing,True,False,1995-2005
HUN,J,ИТ и связь,high,False,False,0.481699867248535,True,0.491629409790039,True,11,1995,2005,0.009929542541504022,0.0009929542541504022,task_creating,True,True,1995-2005
IRL,J,ИТ и связь,high,False,False,0.338461303710938,False,0.334680366516113,False,11,1995,2005,-0.003780937194825029,-0.0003780937194825029,task_displacing,True,False,1995-2005
ITA,J,ИТ и связь,high,False,False,0.518187294006348,True,0.474666519165039,True,11,1995,2005,-0.04352077484130901,-0.0043520774841309005,task_displacing,True,True,1995-2005
JPN,J,ИТ и связь,high,False,False,0.5134299626678167,False,0.4526342608156338,False,11,1995,2005,-0.060795701852182915,-0.0060795701852182915,task_displacing,True,False,1995-2005
LTU,J,ИТ и связь,high,False,False,0.511340789794922,False,0.323601837158203,False,11,1995,2005,-0.18773895263671903,-0.018773895263671903,task_displacing,True,False,1995-2005
LUX,J,ИТ и связь,high,False,False,0.392580757141113,False,0.417851982116699,True,11,1995,2005,0.025271224975585982,0.002527122497558598,task_creating,True,False,1995-2005
LVA,J,ИТ и связь,high,False,False,0.628705406188965,False,0.45185001373291,False,11,1995,2005,-0.17685539245605497,-0.017685539245605498,task_displacing,True,False,1995-2005
MLT,J,ИТ и связь,high,False,False,0.463015556335449,False,0.36052116394043,False,11,1995,2005,-0.10249439239501901,-0.0102494392395019,task_displacing,True,False,1995-2005
NLD,J,ИТ и связь,high,False,False,0.6601059722900391,True,0.569950141906738,True,11,1995,2005,-0.0901558303833011,-0.00901558303833011,task_displacing,True,True,1995-2005
POL,J,ИТ и связь,high,False,False,0.535176658630371,False,0.352903289794922,False,11,1995,2005,-0.18227336883544898,-0.018227336883544897,task_displacing,True,False,1995-2005
PRT,J,ИТ и связь,high,False,False,0.442699546813965,False,0.425052337646484,False,11,1995,2005,-0.017647209167481026,-0.0017647209167481026,task_displacing,True,False,1995-2005
ROU,J,ИТ и связь,high,False,False,0.385346641540527,False,0.391181869506836,False,11,1995,2005,0.005835227966308976,0.0005835227966308976,task_creating,True,False,1995-2005
SVK,J,ИТ и связь,high,False,False,0.401659736633301,False,0.412122764587402,False,11,1995,2005,0.010463027954100979,0.0010463027954100979,task_creating,True,False,1995-2005
SVN,J,ИТ и связь,high,False,False,0.624365921020508,False,0.546414604187012,True,11,1995,2005,-0.07795131683349599,-0.0077951316833495985,task_displacing,True,False,1995-2005
SWE,J,ИТ и связь,high,False,False,0.474782943725586,True,0.4746475982666019,True,11,1995,2005,-0.0001353454589840819,-1.353454589840819e-05,task_displacing,True,True,1995-2005
AUT,K,Финансы и страхование,high,False,True,0.617662620544434,True,0.702878646850586,True,11,1995,2005,0.08521602630615199,0.008521602630615199,task_creating,True,True,1995-2005
BEL,K,Финансы и страхование,high,False,True,0.6725624847412109,False,0.618165626525879,True,11,1995,2005,-0.05439685821533191,-0.005439685821533191,task_displacing,True,False,1995-2005
BGR,K,Финансы и страхование,high,False,True,0.104059505462646,False,0.314056358337402,False,11,1995,2005,0.20999685287475597,0.020999685287475596,task_creating,True,False,1995-2005
CYP,K,Финансы и страхование,high,False,True,0.8585520935058599,False,0.83114860534668,False,11,1995,2005,-0.027403488159179923,-0.002740348815917992,task_displacing,True,False,1995-2005
CZE,K,Финансы и страхование,high,False,True,0.457522468566895,True,0.5605537033081059,True,11,1995,2005,0.10303123474121095,0.010303123474121096,task_creating,True,True,1995-2005
DEU,K,Финансы и страхование,high,False,True,0.795308837890625,True,0.68675422668457,True,11,1995,2005,-0.10855461120605503,-0.010855461120605503,task_displacing,True,True,1995-2005
DNK,K,Финансы и страхование,high,False,True,0.467546615600586,True,0.531472320556641,True,11,1995,2005,0.06392570495605493,0.006392570495605493,task_creating,True,True,1995-2005
ESP,K,Финансы и страхование,high,False,True,0.63425220489502,True,0.538078956604004,True,11,1995,2005,-0.09617324829101603,-0.009617324829101603,task_displacing,True,True,1995-2005
EST,K,Финансы и страхование,high,False,True,0.615921783447266,False,0.377655944824219,False,11,1995,2005,-0.238265838623047,-0.023826583862304702,task_displacing,True,False,1995-2005
FIN,K,Финансы и страхование,high,False,True,0.477868156433106,True,0.5376179504394529,True,11,1995,2005,0.059749794006346946,0.005974979400634695,task_creating,True,True,1995-2005
FRA,K,Финансы и страхование,high,False,True,0.6793166351318359,True,0.70784912109375,True,11,1995,2005,0.028532485961914045,0.0028532485961914045,task_creating,True,True,1995-2005
GBR,K,Финансы и страхование,high,False,True,0.4923620754955182,True,0.5129139884664172,True,11,1995,2005,0.020551912970899033,0.0020551912970899035,task_creating,True,True,1995-2005
GRC,K,Финансы и страхование,high,False,True,0.345187950134277,False,0.595683784484863,True,11,1995,2005,0.25049583435058603,0.025049583435058604,task_creating,True,False,1995-2005
HRV,K,Финансы и страхование,high,False,True,0.598950805664063,False,0.433966865539551,False,11,1995,2005,-0.164983940124512,-0.0164983940124512,task_displacing,True,False,1995-2005
HUN,K,Финансы и страхование,high,False,True,0.4493185806274409,True,0.592319030761719,True,11,1995,2005,0.1430004501342781,0.014300045013427808,task_creating,True,True,1995-2005
IRL,K,Финансы и страхование,high,False,True,0.426084976196289,False,0.343042526245117,False,11,1995,2005,-0.08304244995117199,-0.0083042449951172,task_displacing,True,False,1995-2005
ITA,K,Финансы и страхование,high,False,True,0.774012756347656,True,0.569895706176758,True,11,1995,2005,-0.20411705017089798,-0.020411705017089797,task_displacing,True,True,1995-2005
JPN,K,Финансы и страхование,high,False,True,0.5397090610998716,False,0.3746684008664134,False,11,1995,2005,-0.1650406602334582,-0.01650406602334582,task_displacing,True,False,1995-2005
LTU,K,Финансы и страхование,high,False,True,0.6876490020751951,False,0.476280136108399,False,11,1995,2005,-0.2113688659667961,-0.02113688659667961,task_displacing,True,False,1995-2005
LUX,K,Финансы и страхование,high,False,True,0.4628116607666019,False,0.4147938537597659,True,11,1995,2005,-0.048017807006836,-0.0048017807006836,task_displacing,True,False,1995-2005
LVA,K,Финансы и страхование,high,False,True,0.398245849609375,False,0.4682044982910159,False,11,1995,2005,0.06995864868164092,0.006995864868164092,task_creating,True,False,1995-2005
MLT,K,Финансы и страхование,high,False,True,0.602870635986328,False,0.508273544311524,False,11,1995,2005,-0.0945970916748039,-0.00945970916748039,task_displacing,True,False,1995-2005
NLD,K,Финансы и страхование,high,False,True,0.422463455200195,True,0.453759002685547,True,11,1995,2005,0.03129554748535196,0.003129554748535196,task_creating,True,True,1995-2005
POL,K,Финансы и страхование,high,False,True,0.692016296386719,False,0.540084342956543,False,11,1995,2005,-0.15193195343017607,-0.015193195343017607,task_displacing,True,False,1995-2005
PRT,K,Финансы и страхование,high,False,True,0.524973754882813,False,0.428461952209473,False,11,1995,2005,-0.09651180267333997,-0.009651180267333997,task_displacing,True,False,1995-2005
ROU,K,Финансы и страхование,high,False,True,0.152586803436279,False,0.523222961425781,False,11,1995,2005,0.37063615798950195,0.03706361579895019,task_creating,True,False,1995-2005
SVK,K,Финансы и страхование,high,False,True,0.1987092781066889,False,0.3760922622680659,False,11,1995,2005,0.17738298416137702,0.0177382984161377,task_creating,True,False,1995-2005
SVN,K,Финансы и страхование,high,False,True,0.435404624938965,False,0.556984596252442,True,11,1995,2005,0.12157997131347703,0.012157997131347704,task_creating,True,False,1995-2005
SWE,K,Финансы и страхование,high,False,True,0.3589614868164059,True,0.389129028320313,True,11,1995,2005,0.030167541503907103,0.0030167541503907103,task_creating,True,True,1995-2005
AUT,M,Профессиональные и научные услуги,high,True,False,0.8117470550537109,False,0.8569150543212891,False,11,1995,2005,0.045167999267578196,0.00451679992675782,task_creating,True,False,1995-2005
BEL,M,Профессиональные и научные услуги,high,True,False,0.666669998168945,False,0.666669998168945,False,11,1995,2005,0.0,0.0,neutral,True,False,1995-2005
BGR,M,Профессиональные и научные услуги,high,True,False,0.313198757171631,False,0.781454162597656,False,11,1995,2005,0.468255405426025,0.0468255405426025,task_creating,True,False,1995-2005
CYP,M,Профессиональные и научные услуги,high,True,False,0.391384162902832,False,0.4106394195556639,False,11,1995,2005,0.019255256652831898,0.0019255256652831898,task_creating,True,False,1995-2005
CZE,M,Профессиональные и научные услуги,high,True,False,0.552408866882324,False,0.738211669921875,False,11,1995,2005,0.185802803039551,0.0185802803039551,task_creating,True,False,1995-2005
DEU,M,Профессиональные и научные услуги,high,True,False,0.470852127075195,False,0.6764795684814451,False,11,1995,2005,0.20562744140625006,0.020562744140625006,task_creating,True,False,1995-2005
DNK,M,Профессиональные и научные услуги,high,True,False,0.733988876342774,False,0.842789688110352,False,11,1995,2005,0.10880081176757805,0.010880081176757806,task_creating,True,False,1995-2005
ESP,M,Профессиональные и научные услуги,high,True,False,0.820709686279297,False,0.824897918701172,False,11,1995,2005,0.004188232421875049,0.0004188232421875049,task_creating,True,False,1995-2005
EST,M,Профессиональные и научные услуги,high,True,False,0.6927733612060549,False,0.6491925048828131,False,11,1995,2005,-0.04358085632324182,-0.004358085632324182,task_displacing,True,False,1995-2005
FIN,M,Профессиональные и научные услуги,high,True,False,0.959658966064453,False,0.882048721313477,False,11,1995,2005,-0.077610244750976,-0.0077610244750976,task_displacing,True,False,1995-2005
FRA,M,Профессиональные и научные услуги,high,True,False,0.812771301269531,False,0.744212646484375,False,11,1995,2005,-0.06855865478515599,-0.0068558654785156,task_displacing,True,False,1995-2005
GBR,M,Профессиональные и научные услуги,high,True,False,0.6141960720397686,False,0.6253053699008988,False,11,1995,2005,0.01110929786113024,0.0011109297861130242,task_creating,True,False,1995-2005
GRC,M,Профессиональные и научные услуги,high,True,False,0.34193531036377,False,0.547575187683106,False,11,1995,2005,0.20563987731933597,0.020563987731933596,task_creating,True,False,1995-2005
HRV,M,Профессиональные и научные услуги,high,True,False,0.7883397674560549,False,0.7984039306640631,False,11,1995,2005,0.010064163208008181,0.0010064163208008182,task_creating,True,False,1995-2005
HUN,M,Профессиональные и научные услуги,high,True,False,0.740192565917969,False,0.7783357238769529,False,11,1995,2005,0.03814315795898393,0.003814315795898393,task_creating,True,False,1995-2005
IRL,M,Профессиональные и научные услуги,high,True,False,0.95169319152832,False,0.7730575561523441,False,11,1995,2005,-0.17863563537597593,-0.017863563537597594,task_displacing,True,False,1995-2005
ITA,M,Профессиональные и научные услуги,high,True,False,0.599144096374512,False,0.700438003540039,False,11,1995,2005,0.101293907165527,0.0101293907165527,task_creating,True,False,1995-2005
JPN,M,Профессиональные и научные услуги,high,True,False,0.6117407176191423,False,0.5490970075104775,False,11,1995,2005,-0.06264371010866476,-0.0062643710108664765,task_displacing,True,False,1995-2005
LTU,M,Профессиональные и научные услуги,high,True,False,0.450664978027344,False,0.47514289855957,False,11,1995,2005,0.024477920532225972,0.002447792053222597,task_creating,True,False,1995-2005
LUX,M,Профессиональные и научные услуги,high,True,False,0.713503799438477,False,0.8901543426513671,False,11,1995,2005,0.1766505432128901,0.01766505432128901,task_creating,True,False,1995-2005
LVA,M,Профессиональные и научные услуги,high,True,False,0.539926643371582,False,0.471928329467774,False,11,1995,2005,-0.067998313903808,-0.006799831390380801,task_displacing,True,False,1995-2005
MLT,M,Профессиональные и научные услуги,high,True,False,0.47499439239502,False,0.54090503692627,False,11,1995,2005,0.06591064453125,0.006591064453125001,task_creating,True,False,1995-2005
NLD,M,Профессиональные и научные услуги,high,True,False,0.876233673095703,False,0.833402099609375,False,11,1995,2005,-0.042831573486328045,-0.004283157348632804,task_displacing,True,False,1995-2005
POL,M,Профессиональные и научные услуги,high,True,False,0.581595191955567,False,0.4019302749633789,False,11,1995,2005,-0.17966491699218806,-0.017966491699218805,task_displacing,True,False,1995-2005
PRT,M,Профессиональные и научные услуги,high,True,False,0.931415710449219,False,0.847944259643555,False,11,1995,2005,-0.08347145080566398,-0.008347145080566398,task_displacing,True,False,1995-2005
ROU,M,Профессиональные и научные услуги,high,True,False,0.561584396362305,False,0.576724891662598,False,11,1995,2005,0.015140495300293044,0.0015140495300293045,task_creating,True,False,1995-2005
SVK,M,Профессиональные и научные услуги,high,True,False,0.629009208679199,False,0.60646900177002,False,11,1995,2005,-0.022540206909178906,-0.0022540206909178904,task_displacing,True,False,1995-2005
SVN,M,Профессиональные и научные услуги,high,True,False,0.856156539916992,False,0.813925857543945,False,11,1995,2005,-0.04223068237304706,-0.004223068237304705,task_displacing,True,False,1995-2005
SWE,M,Профессиональные и научные услуги,high,True,False,0.68646728515625,False,0.659999160766602,False,11,1995,2005,-0.026468124389647962,-0.002646812438964796,task_displacing,True,False,1995-2005
