record_type,scenario,throttle_scenario,occupation_digit,occupation_name_isco08,quintile,ai_exposure_score,baseline_employment_thousand,employment_delta_2035_thousand,baseline_labour_income_bn_rub,labour_income_delta_2035_bn_rub,profit_gain_allocated_bn_rub,total_income_delta_bn_rub,gini_baseline_proxy,gini_post_proxy,gini_delta_proxy
occupation,Base,BaseThrottle,1.0,Managers,,0.8163266095070527,1519.594612075267,-48.01320796245002,3178.0043321481617,-347.89513982764726,0.0,-347.89513982764726,,,
occupation,Base,BaseThrottle,2.0,Professionals,,0.8060153253325375,8696.048042062022,-401.10113678031917,18796.989848351026,-1622.4511995036232,0.0,-1622.4511995036232,,,
occupation,Base,BaseThrottle,3.0,Technicians and associate professionals,,0.7419290879474001,3975.5671102297792,-110.2788803820866,5648.68995965144,-705.9824686690613,0.0,-705.9824686690613,,,
occupation,Base,BaseThrottle,4.0,Clerical support workers,,0.7458447389249923,1341.067710344324,-37.02866574432323,1474.9121057441764,-212.03557709512802,0.0,-212.03557709512802,,,
occupation,Base,BaseThrottle,5.0,Services and sales workers,,0.6243578381469675,799.7117565961831,-12.867767646293947,636.6534585903457,-85.12803033457624,0.0,-85.12803033457624,,,
occupation,Base,BaseThrottle,6.0,Skilled agricultural workers,,0.5187886130307342,70.59692015010009,-0.7390746623634349,40.18139984251213,-4.791809696185473,0.0,-4.791809696185473,,,
occupation,Base,BaseThrottle,7.0,Craft and related trades workers,,0.5598526735912037,7773.117146011304,-76.96714462951013,6061.847310147665,-600.8483459937005,0.0,-600.8483459937005,,,
occupation,Base,BaseThrottle,8.0,"Plant and machine operators, assemblers",,0.49616419695167346,6701.619213011578,-37.08957441249872,5166.009013777703,-804.6428484452861,0.0,-804.6428484452861,,,
occupation,Base,BaseThrottle,9.0,Elementary occupations,,0.3705807656935362,1996.1774895194403,-2.256224560180865,994.3541501882039,-108.09609913435435,0.0,-108.09609913435435,,,
occupation,Base,NoThrottle,1.0,Managers,,0.8163266095070527,1519.594612075267,-53.955396886223824,3178.0043321481617,-360.03873006206294,0.0,-360.03873006206294,,,
occupation,Base,NoThrottle,2.0,Professionals,,0.8060153253325375,8696.048042062022,-452.6790849459761,18796.989848351026,-1671.3312301508922,0.0,-1671.3312301508922,,,
occupation,Base,NoThrottle,3.0,Technicians and associate professionals,,0.7419290879474001,3975.5671102297792,-123.61211575769548,5648.68995965144,-731.1765612740501,0.0,-731.1765612740501,,,
occupation,Base,NoThrottle,4.0,Clerical support workers,,0.7458447389249923,1341.067710344324,-41.85338110119539,1474.9121057441764,-222.17805625715258,0.0,-222.17805625715258,,,
occupation,Base,NoThrottle,5.0,Services and sales workers,,0.6243578381469675,799.7117565961831,-14.529024376467119,636.6534585903457,-88.21318907525657,0.0,-88.21318907525657,,,
occupation,Base,NoThrottle,6.0,Skilled agricultural workers,,0.5187886130307342,70.59692015010009,-0.8419776985849993,40.18139984251213,-4.947214551377829,0.0,-4.947214551377829,,,
occupation,Base,NoThrottle,7.0,Craft and related trades workers,,0.5598526735912037,7773.117146011304,-86.84568331427053,6061.847310147665,-617.0516793196895,0.0,-617.0516793196895,,,
occupation,Base,NoThrottle,8.0,"Plant and machine operators, assemblers",,0.49616419695167346,6701.619213011578,-41.22533472219194,5166.009013777703,-825.2992618194319,0.0,-825.2992618194319,,,
occupation,Base,NoThrottle,9.0,Elementary occupations,,0.3705807656935362,1996.1774895194403,-2.5288951457186024,994.3541501882039,-111.28894657832036,0.0,-111.28894657832036,,,
occupation,Base,SanctionBase,1.0,Managers,,0.8163266095070527,1519.594612075267,-43.02602399423729,3178.0043321481617,-333.7034144915228,0.0,-333.7034144915228,,,
occupation,Base,SanctionBase,2.0,Professionals,,0.8060153253325375,8696.048042062022,-362.027422956764,18796.989848351026,-1561.6888132058739,0.0,-1561.6888132058739,,,
occupation,Base,SanctionBase,3.0,Technicians and associate professionals,,0.7419290879474001,3975.5671102297792,-98.81093840518784,5648.68995965144,-676.1293770345401,0.0,-676.1293770345401,,,
occupation,Base,SanctionBase,4.0,Clerical support workers,,0.7458447389249923,1341.067710344324,-32.77501338552838,1474.9121057441764,-199.7640350779112,0.0,-199.7640350779112,,,
occupation,Base,SanctionBase,5.0,Services and sales workers,,0.6243578381469675,799.7117565961831,-11.44577226839757,636.6534585903457,-81.49169978298913,0.0,-81.49169978298913,,,
occupation,Base,SanctionBase,6.0,Skilled agricultural workers,,0.5187886130307342,70.59692015010009,-0.6532434220748874,40.18139984251213,-4.661245262555243,0.0,-4.661245262555243,,,
occupation,Base,SanctionBase,7.0,Craft and related trades workers,,0.5598526735912037,7773.117146011304,-68.56787997824607,6061.847310147665,-584.7675394461703,0.0,-584.7675394461703,,,
occupation,Base,SanctionBase,8.0,"Plant and machine operators, assemblers",,0.49616419695167346,6701.619213011578,-33.159875444439656,5166.009013777703,-779.7448681811992,0.0,-779.7448681811992,,,
occupation,Base,SanctionBase,9.0,Elementary occupations,,0.3705807656935362,1996.1774895194403,-2.012994797854893,994.3541501882039,-104.72188291113274,0.0,-104.72188291113274,,,
occupation,Base,SanctionRelief,1.0,Managers,,0.8163266095070527,1519.594612075267,-44.30241917322279,3178.0043321481617,-336.9747241721856,0.0,-336.9747241721856,,,
occupation,Base,SanctionRelief,2.0,Professionals,,0.8060153253325375,8696.048042062022,-372.738403730077,18796.989848351026,-1575.686361892844,0.0,-1575.686361892844,,,
occupation,Base,SanctionRelief,3.0,Technicians and associate professionals,,0.7419290879474001,3975.5671102297792,-101.72526997668997,5648.68995965144,-683.1312604944296,0.0,-683.1312604944296,,,
occupation,Base,SanctionRelief,4.0,Clerical support workers,,0.7458447389249923,1341.067710344324,-33.85949583802063,1474.9121057441764,-202.65390909264192,0.0,-202.65390909264192,,,
occupation,Base,SanctionRelief,5.0,Services and sales workers,,0.6243578381469675,799.7117565961831,-11.795508843479794,636.6534585903457,-82.2957566563309,0.0,-82.2957566563309,,,
occupation,Base,SanctionRelief,6.0,Skilled agricultural workers,,0.5187886130307342,70.59692015010009,-0.6739038088795716,40.18139984251213,-4.692004431593137,0.0,-4.692004431593137,,,
occupation,Base,SanctionRelief,7.0,Craft and related trades workers,,0.5598526735912037,7773.117146011304,-70.59239478693706,6061.847310147665,-588.3421647472965,0.0,-588.3421647472965,,,
occupation,Base,SanctionRelief,8.0,"Plant and machine operators, assemblers",,0.49616419695167346,6701.619213011578,-34.01206956580303,5166.009013777703,-784.6601049029827,0.0,-784.6601049029827,,,
occupation,Base,SanctionRelief,9.0,Elementary occupations,,0.3705807656935362,1996.1774895194403,-2.0702027915822496,994.3541501882039,-105.45215513718944,0.0,-105.45215513718944,,,
occupation,Base,StressThrottle,1.0,Managers,,0.8163266095070527,1519.594612075267,-44.03008919847268,3178.0043321481617,-340.1079328369585,0.0,-340.1079328369585,,,
occupation,Base,StressThrottle,2.0,Professionals,,0.8060153253325375,8696.048042062022,-366.45943706293986,18796.989848351026,-1592.6172989730758,0.0,-1592.6172989730758,,,
occupation,Base,StressThrottle,3.0,Technicians and associate professionals,,0.7419290879474001,3975.5671102297792,-101.34290841267313,5648.68995965144,-689.7952111629772,0.0,-689.7952111629772,,,
occupation,Base,StressThrottle,4.0,Clerical support workers,,0.7458447389249923,1341.067710344324,-33.79143699616232,1474.9121057441764,-205.52168661283045,0.0,-205.52168661283045,,,
occupation,Base,StressThrottle,5.0,Services and sales workers,,0.6243578381469675,799.7117565961831,-11.75459660754591,636.6534585903457,-83.13030789835166,0.0,-83.13030789835166,,,
occupation,Base,StressThrottle,6.0,Skilled agricultural workers,,0.5187886130307342,70.59692015010009,-0.6703281635228957,40.18139984251213,-4.68915644517395,0.0,-4.68915644517395,,,
occupation,Base,StressThrottle,7.0,Craft and related trades workers,,0.5598526735912037,7773.117146011304,-70.36192737291587,6061.847310147665,-590.1959765555174,0.0,-590.1959765555174,,,
occupation,Base,StressThrottle,8.0,"Plant and machine operators, assemblers",,0.49616419695167346,6701.619213011578,-34.3270949142865,5166.009013777703,-790.9356877674703,0.0,-790.9356877674703,,,
occupation,Base,StressThrottle,9.0,Elementary occupations,,0.3705807656935362,1996.1774895194403,-2.073999915297746,994.3541501882039,-105.9916527650201,0.0,-105.9916527650201,,,
occupation,Fast,BaseThrottle,1.0,Managers,,0.8163266095070527,1519.594612075267,-65.58192420648874,3178.0043321481617,-396.46090496489023,0.0,-396.46090496489023,,,
occupation,Fast,BaseThrottle,2.0,Professionals,,0.8060153253325375,8696.048042062022,-495.2544584760511,18796.989848351026,-1788.9798331095867,0.0,-1788.9798331095867,,,
occupation,Fast,BaseThrottle,3.0,Technicians and associate professionals,,0.7419290879474001,3975.5671102297792,-149.03795378781263,5648.68995965144,-796.6918506261745,0.0,-796.6918506261745,,,
occupation,Fast,BaseThrottle,4.0,Clerical support workers,,0.7458447389249923,1341.067710344324,-48.96463276828558,1474.9121057441764,-242.15341055243175,0.0,-242.15341055243175,,,
occupation,Fast,BaseThrottle,5.0,Services and sales workers,,0.6243578381469675,799.7117565961831,-18.310795629046595,636.6534585903457,-99.51050371272134,0.0,-99.51050371272134,,,
occupation,Fast,BaseThrottle,6.0,Skilled agricultural workers,,0.5187886130307342,70.59692015010009,-1.1616510569405634,40.18139984251213,-5.486321776528016,0.0,-5.486321776528016,,,
occupation,Fast,BaseThrottle,7.0,Craft and related trades workers,,0.5598526735912037,7773.117146011304,-120.1660707630189,6061.847310147665,-696.1505290436222,0.0,-696.1505290436222,,,
occupation,Fast,BaseThrottle,8.0,"Plant and machine operators, assemblers",,0.49616419695167346,6701.619213011578,-59.34728810471084,5166.009013777703,-962.4556589039207,0.0,-962.4556589039207,,,
occupation,Fast,BaseThrottle,9.0,Elementary occupations,,0.3705807656935362,1996.1774895194403,-3.5276722635479483,994.3541501882039,-126.97137257498876,0.0,-126.97137257498876,,,
occupation,Fast,NoThrottle,1.0,Managers,,0.8163266095070527,1519.594612075267,-73.56605929114184,3178.0043321481617,-414.28271428998653,0.0,-414.28271428998653,,,
occupation,Fast,NoThrottle,2.0,Professionals,,0.8060153253325375,8696.048042062022,-558.3146296204354,18796.989848351026,-1861.8221952546062,0.0,-1861.8221952546062,,,
occupation,Fast,NoThrottle,3.0,Technicians and associate professionals,,0.7419290879474001,3975.5671102297792,-166.90100644929595,5648.68995965144,-832.6501343687737,0.0,-832.6501343687737,,,
occupation,Fast,NoThrottle,4.0,Clerical support workers,,0.7458447389249923,1341.067710344324,-55.127302208952656,1474.9121057441764,-255.62864275036657,0.0,-255.62864275036657,,,
occupation,Fast,NoThrottle,5.0,Services and sales workers,,0.6243578381469675,799.7117565961831,-20.604434629632657,636.6534585903457,-104.08374621210265,0.0,-104.08374621210265,,,
occupation,Fast,NoThrottle,6.0,Skilled agricultural workers,,0.5187886130307342,70.59692015010009,-1.3236757678171447,40.18139984251213,-5.749212859316401,0.0,-5.749212859316401,,,
occupation,Fast,NoThrottle,7.0,Craft and related trades workers,,0.5598526735912037,7773.117146011304,-135.27538695692328,6061.847310147665,-723.6990164108578,0.0,-723.6990164108578,,,
occupation,Fast,NoThrottle,8.0,"Plant and machine operators, assemblers",,0.49616419695167346,6701.619213011578,-65.88481013291502,5166.009013777703,-997.1525256058505,0.0,-997.1525256058505,,,
occupation,Fast,NoThrottle,9.0,Elementary occupations,,0.3705807656935362,1996.1774895194403,-3.9497630715100307,994.3541501882039,-132.224490656576,0.0,-132.224490656576,,,
occupation,Fast,SanctionBase,1.0,Managers,,0.8163266095070527,1519.594612075267,-58.75323537246905,3178.0043321481617,-376.1491355498037,0.0,-376.1491355498037,,,
occupation,Fast,SanctionBase,2.0,Professionals,,0.8060153253325375,8696.048042062022,-446.5649924395709,18796.989848351026,-1703.0779232480927,0.0,-1703.0779232480927,,,
occupation,Fast,SanctionBase,3.0,Technicians and associate professionals,,0.7419290879474001,3975.5671102297792,-133.48346131276097,5648.68995965144,-754.960068349942,0.0,-754.960068349942,,,
occupation,Fast,SanctionBase,4.0,Clerical support workers,,0.7458447389249923,1341.067710344324,-43.43947994727577,1474.9121057441764,-226.04774646672973,0.0,-226.04774646672973,,,
occupation,Fast,SanctionBase,5.0,Services and sales workers,,0.6243578381469675,799.7117565961831,-16.305117004094512,636.6534585903457,-94.203568461656,0.0,-94.203568461656,,,
occupation,Fast,SanctionBase,6.0,Skilled agricultural workers,,0.5187886130307342,70.59692015010009,-1.0264539472198344,40.18139984251213,-5.266219107150801,0.0,-5.266219107150801,,,
occupation,Fast,SanctionBase,7.0,Craft and related trades workers,,0.5598526735912037,7773.117146011304,-107.11167256064196,6061.847310147665,-669.0039022386997,0.0,-669.0039022386997,,,
occupation,Fast,SanctionBase,8.0,"Plant and machine operators, assemblers",,0.49616419695167346,6701.619213011578,-53.07999104362186,5166.009013777703,-920.7288653437868,0.0,-920.7288653437868,,,
occupation,Fast,SanctionBase,9.0,Elementary occupations,,0.3705807656935362,1996.1774895194403,-3.1482725396102516,994.3541501882039,-121.46883512240548,0.0,-121.46883512240548,,,
occupation,Fast,SanctionRelief,1.0,Managers,,0.8163266095070527,1519.594612075267,-60.46384404449493,3178.0043321481617,-380.7539366950019,0.0,-380.7539366950019,,,
occupation,Fast,SanctionRelief,2.0,Professionals,,0.8060153253325375,8696.048042062022,-459.66269473806386,18796.989848351026,-1722.6990313109168,0.0,-1722.6990313109168,,,
occupation,Fast,SanctionRelief,3.0,Technicians and associate professionals,,0.7419290879474001,3975.5671102297792,-137.35475877439032,5648.68995965144,-764.5837664725263,0.0,-764.5837664725263,,,
occupation,Fast,SanctionRelief,4.0,Clerical support workers,,0.7458447389249923,1341.067710344324,-44.80832966557763,1474.9121057441764,-229.7496258051019,0.0,-229.7496258051019,,,
occupation,Fast,SanctionRelief,5.0,Services and sales workers,,0.6243578381469675,799.7117565961831,-16.785602942657707,636.6534585903457,-95.35032425697901,0.0,-95.35032425697901,,,
occupation,Fast,SanctionRelief,6.0,Skilled agricultural workers,,0.5187886130307342,70.59692015010009,-1.0589922407228467,40.18139984251213,-5.318020310449701,0.0,-5.318020310449701,,,
occupation,Fast,SanctionRelief,7.0,Craft and related trades workers,,0.5598526735912037,7773.117146011304,-110.23567671237583,6061.847310147665,-675.047816799645,0.0,-675.047816799645,,,
occupation,Fast,SanctionRelief,8.0,"Plant and machine operators, assemblers",,0.49616419695167346,6701.619213011578,-54.4311188357875,5166.009013777703,-928.9537021357207,0.0,-928.9537021357207,,,
occupation,Fast,SanctionRelief,9.0,Elementary occupations,,0.3705807656935362,1996.1774895194403,-3.236980902222208,994.3541501882039,-122.65257942299982,0.0,-122.65257942299982,,,
occupation,Fast,StressThrottle,1.0,Managers,,0.8163266095070527,1519.594612075267,-60.22808706108704,3178.0043321481617,-385.0025790871621,0.0,-385.0025790871621,,,
occupation,Fast,StressThrottle,2.0,Professionals,,0.8060153253325375,8696.048042062022,-452.8787924182374,18796.989848351026,-1744.0416761201313,0.0,-1744.0416761201313,,,
occupation,Fast,StressThrottle,3.0,Technicians and associate professionals,,0.7419290879474001,3975.5671102297792,-137.06124508365156,5648.68995965144,-773.5477052008316,0.0,-773.5477052008316,,,
occupation,Fast,StressThrottle,4.0,Clerical support workers,,0.7458447389249923,1341.067710344324,-44.82840392900774,1474.9121057441764,-233.49314107104877,0.0,-233.49314107104877,,,
occupation,Fast,StressThrottle,5.0,Services and sales workers,,0.6243578381469675,799.7117565961831,-16.773352698845944,636.6534585903457,-96.54342747470479,0.0,-96.54342747470479,,,
occupation,Fast,StressThrottle,6.0,Skilled agricultural workers,,0.5187886130307342,70.59692015010009,-1.0532732997925487,40.18139984251213,-5.313543239164924,0.0,-5.313543239164924,,,
occupation,Fast,StressThrottle,7.0,Craft and related trades workers,,0.5598526735912037,7773.117146011304,-110.05528394932982,6061.847310147665,-678.0756629933646,0.0,-678.0756629933646,,,
occupation,Fast,StressThrottle,8.0,"Plant and machine operators, assemblers",,0.49616419695167346,6701.619213011578,-54.976888602228115,5166.009013777703,-939.4662201795352,0.0,-939.4662201795352,,,
occupation,Fast,StressThrottle,9.0,Elementary occupations,,0.3705807656935362,1996.1774895194403,-3.2453446293203267,994.3541501882039,-123.51514582579875,0.0,-123.51514582579875,,,
occupation,Friction,BaseThrottle,1.0,Managers,,0.8163266095070527,1519.594612075267,-32.553795853125166,3178.0043321481617,-310.3327911111942,0.0,-310.3327911111942,,,
occupation,Friction,BaseThrottle,2.0,Professionals,,0.8060153253325375,8696.048042062022,-298.62289813034295,18796.989848351026,-1504.1320105014452,0.0,-1504.1320105014452,,,
occupation,Friction,BaseThrottle,3.0,Technicians and associate professionals,,0.7419290879474001,3975.5671102297792,-75.59561723834335,5648.68995965144,-633.4791156856156,0.0,-633.4791156856156,,,
occupation,Friction,BaseThrottle,4.0,Clerical support workers,,0.7458447389249923,1341.067710344324,-25.905415885744954,1474.9121057441764,-184.8885876173763,0.0,-184.8885876173763,,,
occupation,Friction,BaseThrottle,5.0,Services and sales workers,,0.6243578381469675,799.7117565961831,-8.35021439069015,636.6534585903457,-73.98423468659232,0.0,-73.98423468659232,,,
occupation,Friction,BaseThrottle,6.0,Skilled agricultural workers,,0.5187886130307342,70.59692015010009,-0.42561203279886706,40.18139984251213,-4.3129924586198785,0.0,-4.3129924586198785,,,
occupation,Friction,BaseThrottle,7.0,Craft and related trades workers,,0.5598526735912037,7773.117146011304,-44.61594207729898,6061.847310147665,-534.3619044951425,0.0,-534.3619044951425,,,
occupation,Friction,BaseThrottle,8.0,"Plant and machine operators, assemblers",,0.49616419695167346,6701.619213011578,-20.72563048737724,5166.009013777703,-692.7739010607074,0.0,-692.7739010607074,,,
occupation,Friction,BaseThrottle,9.0,Elementary occupations,,0.3705807656935362,1996.1774895194403,-1.3046115839680592,994.3541501882039,-94.64202531137158,0.0,-94.64202531137158,,,
occupation,Friction,NoThrottle,1.0,Managers,,0.8163266095070527,1519.594612075267,-36.65639254637311,3178.0043321481617,-317.6812907153815,0.0,-317.6812907153815,,,
occupation,Friction,NoThrottle,2.0,Professionals,,0.8060153253325375,8696.048042062022,-337.4486506582227,18796.989848351026,-1531.7207050577292,0.0,-1531.7207050577292,,,
occupation,Friction,NoThrottle,3.0,Technicians and associate professionals,,0.7419290879474001,3975.5671102297792,-84.82894563813133,5648.68995965144,-649.2052798027992,0.0,-649.2052798027992,,,
occupation,Friction,NoThrottle,4.0,Clerical support workers,,0.7458447389249923,1341.067710344324,-29.40019567987488,1474.9121057441764,-191.6552463199527,0.0,-191.6552463199527,,,
occupation,Friction,NoThrottle,5.0,Services and sales workers,,0.6243578381469675,799.7117565961831,-9.465318402549222,636.6534585903457,-75.84435288486813,0.0,-75.84435288486813,,,
occupation,Friction,NoThrottle,6.0,Skilled agricultural workers,,0.5187886130307342,70.59692015010009,-0.4845134163626027,40.18139984251213,-4.396463127935295,0.0,-4.396463127935295,,,
occupation,Friction,NoThrottle,7.0,Craft and related trades workers,,0.5598526735912037,7773.117146011304,-50.49326696363058,6061.847310147665,-542.8331688549449,0.0,-542.8331688549449,,,
occupation,Friction,NoThrottle,8.0,"Plant and machine operators, assemblers",,0.49616419695167346,6701.619213011578,-23.074521013321043,5166.009013777703,-703.6197216793346,0.0,-703.6197216793346,,,
occupation,Friction,NoThrottle,9.0,Elementary occupations,,0.3705807656935362,1996.1774895194403,-1.4642106672474209,994.3541501882039,-96.38154444624128,0.0,-96.38154444624128,,,
occupation,Friction,SanctionBase,1.0,Managers,,0.8163266095070527,1519.594612075267,-29.17777607570526,3178.0043321481617,-301.4360331349819,0.0,-301.4360331349819,,,
occupation,Friction,SanctionBase,2.0,Professionals,,0.8060153253325375,8696.048042062022,-269.6991924632216,18796.989848351026,-1466.4437534148192,0.0,-1466.4437534148192,,,
occupation,Friction,SanctionBase,3.0,Technicians and associate professionals,,0.7419290879474001,3975.5671102297792,-67.75522909239827,5648.68995965144,-614.3095981989902,0.0,-614.3095981989902,,,
occupation,Friction,SanctionBase,4.0,Clerical support workers,,0.7458447389249923,1341.067710344324,-22.873917538129383,1474.9121057441764,-176.54232890647052,0.0,-176.54232890647052,,,
occupation,Friction,SanctionBase,5.0,Services and sales workers,,0.6243578381469675,799.7117565961831,-7.417971560402372,636.6534585903457,-71.74205424044018,0.0,-71.74205424044018,,,
occupation,Friction,SanctionBase,6.0,Skilled agricultural workers,,0.5187886130307342,70.59692015010009,-0.3764671270620707,40.18139984251213,-4.242888545156415,0.0,-4.242888545156415,,,
occupation,Friction,SanctionBase,7.0,Craft and related trades workers,,0.5598526735912037,7773.117146011304,-39.724634424026995,6061.847310147665,-525.904751557965,0.0,-525.904751557965,,,
occupation,Friction,SanctionBase,8.0,"Plant and machine operators, assemblers",,0.49616419695167346,6701.619213011578,-18.52278265570464,5166.009013777703,-679.7267303968767,0.0,-679.7267303968767,,,
occupation,Friction,SanctionBase,9.0,Elementary occupations,,0.3705807656935362,1996.1774895194403,-1.1637164533807156,994.3541501882039,-92.79150423916775,0.0,-92.79150423916775,,,
occupation,Friction,SanctionRelief,1.0,Managers,,0.8163266095070527,1519.594612075267,-30.06079177691629,3178.0043321481617,-303.51888952658794,0.0,-303.51888952658794,,,
occupation,Friction,SanctionRelief,2.0,Professionals,,0.8060153253325375,8696.048042062022,-277.75377335322986,18796.989848351026,-1475.1474423122427,0.0,-1475.1474423122427,,,
occupation,Friction,SanctionRelief,3.0,Technicians and associate professionals,,0.7419290879474001,3975.5671102297792,-69.78929670986444,5648.68995965144,-618.8768199053877,0.0,-618.8768199053877,,,
occupation,Friction,SanctionRelief,4.0,Clerical support workers,,0.7458447389249923,1341.067710344324,-23.66721456735908,1474.9121057441764,-178.5496037007388,0.0,-178.5496037007388,,,
occupation,Friction,SanctionRelief,5.0,Services and sales workers,,0.6243578381469675,799.7117565961831,-7.653864484687977,636.6534585903457,-72.24959292296344,0.0,-72.24959292296344,,,
occupation,Friction,SanctionRelief,6.0,Skilled agricultural workers,,0.5187886130307342,70.59692015010009,-0.3883031164909201,40.18139984251213,-4.259415823555732,0.0,-4.259415823555732,,,
occupation,Friction,SanctionRelief,7.0,Craft and related trades workers,,0.5598526735912037,7773.117146011304,-40.91532475380405,6061.847310147665,-527.7784412188344,0.0,-527.7784412188344,,,
occupation,Friction,SanctionRelief,8.0,"Plant and machine operators, assemblers",,0.49616419695167346,6701.619213011578,-19.00493313014018,5166.009013777703,-682.3106113901392,0.0,-682.3106113901392,,,
occupation,Friction,SanctionRelief,9.0,Elementary occupations,,0.3705807656935362,1996.1774895194403,-1.1971357463930643,994.3541501882039,-93.19543807290769,0.0,-93.19543807290769,,,
occupation,Friction,StressThrottle,1.0,Managers,,0.8163266095070527,1519.594612075267,-29.805729976133684,3178.0043321481617,-305.6177813616931,0.0,-305.6177813616931,,,
occupation,Friction,StressThrottle,2.0,Professionals,,0.8060153253325375,8696.048042062022,-272.57691946716585,18796.989848351026,-1487.4140307527023,0.0,-1487.4140307527023,,,
occupation,Friction,StressThrottle,3.0,Technicians and associate professionals,,0.7419290879474001,3975.5671102297792,-69.41185229980701,5648.68995965144,-623.3596371068716,0.0,-623.3596371068716,,,
occupation,Friction,StressThrottle,4.0,Clerical support workers,,0.7458447389249923,1341.067710344324,-23.5625966430995,1474.9121057441764,-180.5290680552109,0.0,-180.5290680552109,,,
occupation,Friction,StressThrottle,5.0,Services and sales workers,,0.6243578381469675,799.7117565961831,-7.603465968543892,636.6534585903457,-72.77919559502814,0.0,-72.77919559502814,,,
occupation,Friction,StressThrottle,6.0,Skilled agricultural workers,,0.5187886130307342,70.59692015010009,-0.3862969875441676,40.18139984251213,-4.257643766742242,0.0,-4.257643766742242,,,
occupation,Friction,StressThrottle,7.0,Craft and related trades workers,,0.5598526735912037,7773.117146011304,-40.68852710285964,6061.847310147665,-528.784286804129,0.0,-528.784286804129,,,
occupation,Friction,StressThrottle,8.0,"Plant and machine operators, assemblers",,0.49616419695167346,6701.619213011578,-19.157647289551683,5166.009013777703,-685.569027677331,0.0,-685.569027677331,,,
occupation,Friction,StressThrottle,9.0,Elementary occupations,,0.3705807656935362,1996.1774895194403,-1.1980209904264192,994.3541501882039,-93.49382380896117,0.0,-93.49382380896117,,,
quintile,Base,BaseThrottle,,,Q1,,6574.699999999999,-40.30782656473835,4189.743251215282,-381.4364882990467,0.0,-381.4364882990467,0.290060455699763,0.3803515698113704,0.0902911141116074
quintile,Base,BaseThrottle,,,Q2,,6574.699999999999,-36.47291786254488,4891.050566225232,-372.7194827222467,0.0,-372.7194827222467,0.290060455699763,0.3803515698113704,0.0902911141116074
quintile,Base,BaseThrottle,,,Q3,,6574.700000000001,-102.77466953444491,6054.856478801394,-605.5571975211284,525.1469362067756,-80.41026131435274,0.290060455699763,0.3803515698113704,0.0902911141116074
quintile,Base,BaseThrottle,,,Q4,,6574.699999999997,-156.03875533396914,9998.807859347855,-1248.387112287262,2100.5877448271026,852.2006325398406,0.290060455699763,0.3803515698113704,0.0902911141116074
quintile,Base,BaseThrottle,,,Q5,,6574.699999999997,-390.74750748432825,16863.183422851438,-1883.7712378698732,7877.204043101634,5993.4328052317605,0.290060455699763,0.3803515698113704,0.0902911141116074
quintile,Base,NoThrottle,,,Q1,,6574.699999999999,-45.349192061134204,4189.743251215282,-393.6631194687292,0.0,-393.6631194687292,0.290060455699763,0.39078429131234316,0.10072383561258014
quintile,Base,NoThrottle,,,Q2,,6574.699999999999,-39.94332772593624,4891.050566225232,-384.28144883560725,0.0,-384.28144883560725,0.290060455699763,0.39078429131234316,0.10072383561258014
quintile,Base,NoThrottle,,,Q3,,6574.700000000001,-115.69706422851401,6054.856478801394,-624.8077501508982,597.1361931027571,-27.67155704814104,0.290060455699763,0.39078429131234316,0.10072383561258014
quintile,Base,NoThrottle,,,Q4,,6574.699999999997,-174.50533208000803,9998.807859347855,-1277.7344975885076,2388.5447724110286,1110.810274822521,0.290060455699763,0.39078429131234316,0.10072383561258014
quintile,Base,NoThrottle,,,Q5,,6574.699999999997,-442.57597785273094,16863.183422851438,-1951.0380530444854,8957.042896541356,7006.00484349687,0.290060455699763,0.39078429131234316,0.10072383561258014
quintile,Base,SanctionBase,,,Q1,,6574.699999999999,-35.86599069607532,4189.743251215282,-370.20582014099386,0.0,-370.20582014099386,0.290060455699763,0.3706307165411251,0.0805702608413621
quintile,Base,SanctionBase,,,Q2,,6574.699999999999,-32.91210230913831,4891.050566225232,-359.2753899729413,0.0,-359.2753899729413,0.290060455699763,0.3706307165411251,0.0805702608413621
quintile,Base,SanctionBase,,,Q3,,6574.700000000001,-91.47767699636682,6054.856478801394,-587.8546595861648,457.77935994638204,-130.0752996397827,0.290060455699763,0.3706307165411251,0.0805702608413621
quintile,Base,SanctionBase,,,Q4,,6574.699999999997,-140.3369838439451,9998.807859347855,-1215.1146744316643,1831.1174397855282,616.0027653538639,0.290060455699763,0.3706307165411251,0.0805702608413621
quintile,Base,SanctionBase,,,Q5,,6574.699999999997,-351.8864108072045,16863.183422851438,-1794.2223312621256,6866.69039919573,5072.468067933604,0.290060455699763,0.3706307165411251,0.0805702608413621
quintile,Base,SanctionRelief,,,Q1,,6574.699999999999,-36.83562719537089,4189.743251215282,-372.61630686290573,0.0,-372.61630686290573,0.290060455699763,0.3732420187789848,0.08318156307922175
quintile,Base,SanctionRelief,,,Q2,,6574.699999999999,-33.71250859416979,4891.050566225232,-361.8372465791653,0.0,-361.8372465791653,0.290060455699763,0.3732420187789848,0.08318156307922175
quintile,Base,SanctionRelief,,,Q3,,6574.700000000001,-94.09497861122222,6054.856478801394,-591.7502396474098,475.47536469001466,-116.27487495739513,0.290060455699763,0.3732420187789848,0.08318156307922175
quintile,Base,SanctionRelief,,,Q4,,6574.699999999997,-144.1126390756777,9998.807859347855,-1221.9967810125995,1901.9014587600586,679.9046777474591,0.290060455699763,0.3732420187789848,0.08318156307922175
quintile,Base,SanctionRelief,,,Q5,,6574.699999999997,-363.01391503825096,16863.183422851438,-1815.6878674254083,7132.130470350219,5316.442602924811,0.290060455699763,0.3732420187789848,0.08318156307922175
quintile,Base,StressThrottle,,,Q1,,6574.699999999999,-36.9406338032298,4189.743251215282,-373.3459183697843,0.0,-373.3459183697843,0.290060455699763,0.3731972193771471,0.0831367636773841
quintile,Base,StressThrottle,,,Q2,,6574.699999999999,-34.15633263789415,4891.050566225232,-365.03278517411644,0.0,-365.03278517411644,0.290060455699763,0.3731972193771471,0.0831367636773841
quintile,Base,StressThrottle,,,Q3,,6574.700000000001,-94.1429011789541,6054.856478801394,-592.8343030040501,478.0206108689885,-114.81369213506156,0.290060455699763,0.3731972193771471,0.0831367636773841
quintile,Base,StressThrottle,,,Q4,,6574.699999999997,-143.68099284414512,9998.807859347855,-1229.1315871579002,1912.082443475954,682.9508563180539,0.290060455699763,0.3731972193771471,0.0831367636773841
quintile,Base,StressThrottle,,,Q5,,6574.699999999997,-355.8909581795932,16863.183422851438,-1842.6403173115195,7170.309163034827,5327.668845723308,0.290060455699763,0.3731972193771471,0.0831367636773841
quintile,Fast,BaseThrottle,,,Q1,,6574.699999999999,-64.5554389170103,4189.743251215282,-447.8669387983303,0.0,-447.8669387983303,0.290060455699763,0.3986330878760165,0.10857263217625346
quintile,Fast,BaseThrottle,,,Q2,,6574.699999999999,-59.83737268034163,4891.050566225232,-467.4977065244381,0.0,-467.4977065244381,0.290060455699763,0.3986330878760165,0.10857263217625346
quintile,Fast,BaseThrottle,,,Q3,,6574.700000000001,-162.41279780605015,6054.856478801394,-708.1832541702399,645.0749562432602,-63.10829792697973,0.290060455699763,0.3986330878760165,0.10857263217625346
quintile,Fast,BaseThrottle,,,Q4,,6574.699999999997,-227.62124591074553,9998.807859347855,-1452.741991812238,2580.299824973041,1127.5578331608028,0.290060455699763,0.3986330878760165,0.10857263217625346
quintile,Fast,BaseThrottle,,,Q5,,6574.699999999997,-446.92559174175466,16863.183422851438,-2038.5704939596128,9676.124343648902,7637.55384968929,0.290060455699763,0.3986330878760165,0.10857263217625346
quintile,Fast,NoThrottle,,,Q1,,6574.699999999999,-72.56028230586803,4189.743251215282,-468.4533401461309,0.0,-468.4533401461309,0.290060455699763,0.4105715588391218,0.12051110313935876
quintile,Fast,NoThrottle,,,Q2,,6574.699999999999,-65.45730391608622,4891.050566225232,-486.95895192088415,0.0,-486.95895192088415,0.290060455699763,0.4105715588391218,0.12051110313935876
quintile,Fast,NoThrottle,,,Q3,,6574.700000000001,-182.81351099335782,6054.856478801394,-740.6871944545267,734.1169624020297,-6.570232052496976,0.290060455699763,0.4105715588391218,0.12051110313935876
quintile,Fast,NoThrottle,,,Q4,,6574.699999999997,-254.45326654492212,9998.807859347855,-1503.290958281261,2936.4678496081187,1433.1768913268577,0.290060455699763,0.4105715588391218,0.12051110313935876
quintile,Fast,NoThrottle,,,Q5,,6574.699999999997,-505.6627043683892,16863.183422851438,-2127.9022336056273,11011.754436030446,8883.852202424818,0.290060455699763,0.4105715588391218,0.12051110313935876
quintile,Fast,SanctionBase,,,Q1,,6574.699999999999,-57.480340363862176,4189.743251215282,-429.02646734024484,0.0,-429.02646734024484,0.290060455699763,0.38744864920777544,0.09738819350801242
quintile,Fast,SanctionBase,,,Q2,,6574.699999999999,-54.034469163878185,4891.050566225232,-444.89547538825866,0.0,-444.89547538825866,0.290060455699763,0.38744864920777544,0.09738819350801242
quintile,Fast,SanctionBase,,,Q3,,6574.700000000001,-144.5384593009818,6054.856478801394,-678.4256260146258,562.2438542838228,-116.181771730803,0.290060455699763,0.38744864920777544,0.09738819350801242
quintile,Fast,SanctionBase,,,Q4,,6574.699999999997,-204.37037392789898,9998.807859347855,-1396.0434705722748,2248.975417135291,852.9319465630163,0.290060455699763,0.38744864920777544,0.09738819350801242
quintile,Fast,SanctionBase,,,Q5,,6574.699999999997,-402.4890334106434,16863.183422851438,-1922.5152245728584,8433.657814257342,6511.142589684483,0.290060455699763,0.38744864920777544,0.09738819350801242
quintile,Fast,SanctionRelief,,,Q1,,6574.699999999999,-59.02500683611187,4189.743251215282,-433.0643413327533,0.0,-433.0643413327533,0.290060455699763,0.3904149092380532,0.1003544535382902
quintile,Fast,SanctionRelief,,,Q2,,6574.699999999999,-55.33824041292898,4891.050566225232,-449.19862020130915,0.0,-449.19862020130915,0.290060455699763,0.3904149092380532,0.1003544535382902
quintile,Fast,SanctionRelief,,,Q3,,6574.700000000001,-148.67468478583746,6054.856478801394,-684.9681153996146,583.7487507133288,-101.21936468628576,0.290060455699763,0.3904149092380532,0.1003544535382902
quintile,Fast,SanctionRelief,,,Q4,,6574.699999999997,-209.8659081104791,9998.807859347855,-1407.8319085066578,2334.9950028533153,927.1630943466575,0.290060455699763,0.3904149092380532,0.1003544535382902
quintile,Fast,SanctionRelief,,,Q5,,6574.699999999997,-415.1341587109349,16863.183422851438,-1950.0458177690014,8756.231260699933,6806.1854429309315,0.290060455699763,0.3904149092380532,0.1003544535382902
quintile,Fast,StressThrottle,,,Q1,,6574.699999999999,-59.20297859308567,4189.743251215282,-434.30118785754826,0.0,-434.30118785754826,0.290060455699763,0.39039963185412374,0.10033917615436072
quintile,Fast,StressThrottle,,,Q2,,6574.699999999999,-56.083136958221516,4891.050566225232,-454.5798751522694,0.0,-454.5798751522694,0.290060455699763,0.39039963185412374,0.10033917615436072
quintile,Fast,StressThrottle,,,Q3,,6574.700000000001,-148.77049406263885,6054.856478801394,-686.7862025710514,586.8569196700352,-99.92928290101622,0.290060455699763,0.39039963185412374,0.10033917615436072
quintile,Fast,StressThrottle,,,Q4,,6574.699999999997,-209.65518188762792,9998.807859347855,-1419.5736888371596,2347.4276786801406,927.853989842981,0.290060455699763,0.39039963185412374,0.10033917615436072
quintile,Fast,StressThrottle,,,Q5,,6574.699999999997,-407.388880169926,16863.183422851438,-1983.7581467737089,8802.853795050527,6819.095648276818,0.290060455699763,0.39039963185412374,0.10033917615436072
quintile,Friction,BaseThrottle,,,Q1,,6574.699999999999,-22.568804833082126,4189.743251215282,-334.87362925336816,0.0,-334.87362925336816,0.290060455699763,0.3584068287102199,0.06834637301045687
quintile,Friction,BaseThrottle,,,Q2,,6574.699999999999,-19.577298817227042,4891.050566225232,-305.44976711938756,0.0,-305.44976711938756,0.290060455699763,0.3584068287102199,0.06834637301045687
quintile,Friction,BaseThrottle,,,Q3,,6574.700000000001,-58.636766922234926,6054.856478801394,-534.3014583660474,388.86782532456965,-145.43363304147778,0.290060455699763,0.3584068287102199,0.06834637301045687
quintile,Friction,BaseThrottle,,,Q4,,6574.699999999997,-98.51083314791245,9998.807859347855,-1108.581995615962,1555.4713012982786,446.8893056823167,0.290060455699763,0.3584068287102199,0.06834637301045687
quintile,Friction,BaseThrottle,,,Q5,,6574.699999999997,-308.80603395923276,16863.183422851438,-1749.7007125732953,5833.017379868545,4083.3166672952493,0.290060455699763,0.3584068287102199,0.06834637301045687
quintile,Friction,NoThrottle,,,Q1,,6574.699999999999,-25.418070900376357,4189.743251215282,-341.43741150046327,0.0,-341.43741150046327,0.290060455699763,0.36686204091071994,0.07680158521095692
quintile,Friction,NoThrottle,,,Q2,,6574.699999999999,-21.47603196627137,4891.050566225232,-311.49609101323864,0.0,-311.49609101323864,0.290060455699763,0.36686204091071994,0.07680158521095692
quintile,Friction,NoThrottle,,,Q3,,6574.700000000001,-66.00063087073443,6054.856478801394,-544.574521906999,441.4604291989985,-103.11409270800056,0.290060455699763,0.36686204091071994,0.07680158521095692
quintile,Friction,NoThrottle,,,Q4,,6574.699999999997,-110.22295228741879,9998.807859347855,-1123.3710241308984,1765.841716795994,642.4706926650956,0.290060455699763,0.36686204091071994,0.07680158521095692
quintile,Friction,NoThrottle,,,Q5,,6574.699999999997,-350.1983289609114,16863.183422851438,-1792.4587243375822,6621.906437984977,4829.447713647394,0.290060455699763,0.36686204091071994,0.07680158521095692
quintile,Friction,SanctionBase,,,Q1,,6574.699999999999,-20.06851742026413,4189.743251215282,-328.8534031567791,0.0,-328.8534031567791,0.290060455699763,0.35058062973107984,0.06052017403131682
quintile,Friction,SanctionBase,,,Q2,,6574.699999999999,-17.648686998505426,4891.050566225232,-298.44011417174096,0.0,-298.44011417174096,0.290060455699763,0.35058062973107984,0.06052017403131682
quintile,Friction,SanctionBase,,,Q3,,6574.700000000001,-52.216551126855066,6054.856478801394,-524.860635904413,339.34544946243557,-185.51518644197745,0.290060455699763,0.35058062973107984,0.06052017403131682
quintile,Friction,SanctionBase,,,Q4,,6574.699999999997,-88.7774166275013,9998.807859347855,-1091.5765014974443,1357.3817978497423,265.805296352298,0.290060455699763,0.35058062973107984,0.06052017403131682
quintile,Friction,SanctionBase,,,Q5,,6574.699999999997,-278.00051521690506,16863.183422851438,-1689.4089879044866,5090.181741936533,3400.7727540320466,0.290060455699763,0.35058062973107984,0.06052017403131682
quintile,Friction,SanctionRelief,,,Q1,,6574.699999999999,-20.61441976772254,4189.743251215282,-330.14912895740935,0.0,-330.14912895740935,0.290060455699763,0.35270133441707485,0.06264087871731183
quintile,Friction,SanctionRelief,,,Q2,,6574.699999999999,-18.082680546900736,4891.050566225232,-299.77973905144523,0.0,-299.77973905144523,0.290060455699763,0.35270133441707485,0.06264087871731183
quintile,Friction,SanctionRelief,,,Q3,,6574.700000000001,-53.70711069776572,6054.856478801394,-526.9424850968071,352.4808348296084,-174.4616502671987,0.290060455699763,0.35270133441707485,0.06264087871731183
quintile,Friction,SanctionRelief,,,Q4,,6574.699999999997,-91.16716101314971,9998.807859347855,-1095.059434138612,1409.9233393184336,314.8639051798216,0.290060455699763,0.35270133441707485,0.06264087871731183
quintile,Friction,SanctionRelief,,,Q5,,6574.699999999997,-286.85926561334674,16863.183422851438,-1703.9554676290797,5287.212522444126,3583.257054815046,0.290060455699763,0.35270133441707485,0.06264087871731183
quintile,Friction,StressThrottle,,,Q1,,6574.699999999999,-20.667277505082872,4189.743251215282,-330.51670276684564,0.0,-330.51670276684564,0.290060455699763,0.35264722396913184,0.06258676826936882
quintile,Friction,StressThrottle,,,Q2,,6574.699999999999,-18.31053630717677,4891.050566225232,-301.4254031849443,0.0,-301.4254031849443,0.290060455699763,0.35264722396913184,0.06258676826936882
quintile,Friction,StressThrottle,,,Q3,,6574.700000000001,-53.72191907217125,6054.856478801394,-527.49147824346,354.33758798818275,-173.1538902552773,0.290060455699763,0.35264722396913184,0.06258676826936882
quintile,Friction,StressThrottle,,,Q4,,6574.699999999997,-90.67752337469138,9998.807859347855,-1098.8826308249268,1417.350351952731,318.4677211278042,0.290060455699763,0.35264722396913184,0.06258676826936882
quintile,Friction,StressThrottle,,,Q5,,6574.699999999997,-281.01380046600923,16863.183422851438,-1723.4882799084883,5315.063819822741,3591.5755399142527,0.290060455699763,0.35264722396913184,0.06258676826936882
